Date,Variety,Price_Rs_per_Quintal,Market_Demand,Supply_Status
2015-01-01,BPT-5204,2100,High,Normal
2015-01-01,JGL-1798,1973,Low,Deficit
2015-01-01,IR-64,1916,High,Deficit
2015-01-01,Jyothi,1714,Medium,Normal
2015-01-01,MTU-1010,2065,Low,Deficit
2015-01-08,BPT-5204,1984,High,Normal
2015-01-08,JGL-1798,1843,High,Deficit
2015-01-08,IR-64,1777,Low,Surplus
2015-01-08,Jyothi,1831,Low,Surplus
2015-01-08,MTU-1010,1969,Low,Deficit
2015-01-15,BPT-5204,1962,Low,Deficit
2015-01-15,JGL-1798,1886,Medium,Normal
2015-01-15,IR-64,1883,Medium,Surplus
2015-01-15,Jyothi,1811,High,Normal
2015-01-15,MTU-1010,1909,Low,Surplus
2015-01-22,BPT-5204,2072,High,Deficit
2015-01-22,JGL-1798,1842,Medium,Surplus
2015-01-22,IR-64,1853,Medium,Surplus
2015-01-22,Jyothi,1696,Medium,Deficit
2015-01-22,MTU-1010,1895,High,Surplus
2015-01-29,BPT-5204,2073,High,Deficit
2015-01-29,JGL-1798,1949,Low,Deficit
2015-01-29,IR-64,1783,Medium,Surplus
2015-01-29,Jyothi,1761,Medium,Normal
2015-01-29,MTU-1010,1981,Medium,Surplus
2015-02-05,BPT-5204,2214,Medium,Deficit
2015-02-05,JGL-1798,2112,High,Deficit
2015-02-05,IR-64,2070,Low,Normal
2015-02-05,Jyothi,1920,Medium,Deficit
2015-02-05,MTU-1010,2167,High,Deficit
2015-02-12,BPT-5204,2151,High,Surplus
2015-02-12,JGL-1798,2154,Medium,Normal
2015-02-12,IR-64,1907,Low,Normal
2015-02-12,Jyothi,1939,Medium,Deficit
2015-02-12,MTU-1010,2244,Medium,Deficit
2015-02-19,BPT-5204,2141,Low,Surplus
2015-02-19,JGL-1798,2001,High,Normal
2015-02-19,IR-64,2042,High,Normal
2015-02-19,Jyothi,1947,High,Normal
2015-02-19,MTU-1010,2080,High,Normal
2015-02-26,BPT-5204,2180,High,Normal
2015-02-26,JGL-1798,2100,Low,Normal
2015-02-26,IR-64,1957,Low,Surplus
2015-02-26,Jyothi,1971,Low,Normal
2015-02-26,MTU-1010,2236,Medium,Normal
2015-03-05,BPT-5204,2098,High,Normal
2015-03-05,JGL-1798,2008,Low,Deficit
2015-03-05,IR-64,2060,High,Deficit
2015-03-05,Jyothi,1973,Medium,Deficit
2015-03-05,MTU-1010,2169,High,Deficit
2015-03-12,BPT-5204,2112,High,Surplus
2015-03-12,JGL-1798,2003,Medium,Surplus
2015-03-12,IR-64,1940,Low,Normal
2015-03-12,Jyothi,1860,Low,Surplus
2015-03-12,MTU-1010,2156,Medium,Normal
2015-03-19,BPT-5204,2175,Low,Normal
2015-03-19,JGL-1798,2131,Medium,Deficit
2015-03-19,IR-64,1949,Medium,Deficit
2015-03-19,Jyothi,1942,Medium,Deficit
2015-03-19,MTU-1010,2082,Low,Normal
2015-03-26,BPT-5204,2142,High,Deficit
2015-03-26,JGL-1798,2057,Medium,Normal
2015-03-26,IR-64,2060,High,Normal
2015-03-26,Jyothi,1812,Low,Deficit
2015-03-26,MTU-1010,2154,High,Surplus
2015-04-02,BPT-5204,2306,Low,Deficit
2015-04-02,JGL-1798,2193,Low,Deficit
2015-04-02,IR-64,1959,Low,Surplus
2015-04-02,Jyothi,1853,Medium,Deficit
2015-04-02,MTU-1010,2224,High,Deficit
2015-04-09,BPT-5204,2219,Medium,Normal
2015-04-09,JGL-1798,2174,Low,Deficit
2015-04-09,IR-64,2082,Low,Deficit
2015-04-09,Jyothi,1805,Medium,Deficit
2015-04-09,MTU-1010,2123,High,Deficit
2015-04-16,BPT-5204,2178,Low,Normal
2015-04-16,JGL-1798,2030,Low,Normal
2015-04-16,IR-64,2038,Medium,Deficit
2015-04-16,Jyothi,1968,High,Surplus
2015-04-16,MTU-1010,2088,High,Deficit
2015-04-23,BPT-5204,2132,Low,Normal
2015-04-23,JGL-1798,2108,High,Deficit
2015-04-23,IR-64,2023,High,Normal
2015-04-23,Jyothi,1819,Low,Surplus
2015-04-23,MTU-1010,2245,High,Deficit
2015-04-30,BPT-5204,2221,Medium,Normal
2015-04-30,JGL-1798,2200,Low,Surplus
2015-04-30,IR-64,1921,Medium,Surplus
2015-04-30,Jyothi,1863,Medium,Surplus
2015-04-30,MTU-1010,2194,Medium,Normal
2015-05-07,BPT-5204,2242,Low,Deficit
2015-05-07,JGL-1798,2067,Low,Surplus
2015-05-07,IR-64,1962,Medium,Surplus
2015-05-07,Jyothi,1899,Medium,Surplus
2015-05-07,MTU-1010,2088,High,Normal
2015-05-14,BPT-5204,2308,Medium,Deficit
2015-05-14,JGL-1798,2144,Medium,Deficit
2015-05-14,IR-64,1909,High,Surplus
2015-05-14,Jyothi,1994,High,Deficit
2015-05-14,MTU-1010,2066,Medium,Normal
2015-05-21,BPT-5204,2118,Low,Deficit
2015-05-21,JGL-1798,2009,Medium,Normal
2015-05-21,IR-64,1987,Medium,Surplus
2015-05-21,Jyothi,1829,Medium,Deficit
2015-05-21,MTU-1010,2248,Low,Surplus
2015-05-28,BPT-5204,2095,High,Normal
2015-05-28,JGL-1798,2077,High,Deficit
2015-05-28,IR-64,2048,Low,Surplus
2015-05-28,Jyothi,1904,Low,Deficit
2015-05-28,MTU-1010,2188,High,Normal
2015-06-04,BPT-5204,2379,Low,Surplus
2015-06-04,JGL-1798,2222,High,Deficit
2015-06-04,IR-64,2109,Low,Surplus
2015-06-04,Jyothi,1955,Medium,Deficit
2015-06-04,MTU-1010,2218,Medium,Normal
2015-06-11,BPT-5204,2436,Medium,Normal
2015-06-11,JGL-1798,2371,High,Deficit
2015-06-11,IR-64,2092,Medium,Surplus
2015-06-11,Jyothi,1985,Medium,Surplus
2015-06-11,MTU-1010,2220,High,Normal
2015-06-18,BPT-5204,2453,High,Deficit
2015-06-18,JGL-1798,2351,Low,Normal
2015-06-18,IR-64,2247,High,Surplus
2015-06-18,Jyothi,2024,Low,Normal
2015-06-18,MTU-1010,2233,Medium,Normal
2015-06-25,BPT-5204,2388,High,Normal
2015-06-25,JGL-1798,2241,Low,Surplus
2015-06-25,IR-64,2222,Medium,Deficit
2015-06-25,Jyothi,2000,Medium,Deficit
2015-06-25,MTU-1010,2424,Low,Normal
2015-07-02,BPT-5204,2457,Low,Normal
2015-07-02,JGL-1798,2169,Medium,Normal
2015-07-02,IR-64,2249,Low,Normal
2015-07-02,Jyothi,2030,Low,Deficit
2015-07-02,MTU-1010,2447,Medium,Surplus
2015-07-09,BPT-5204,2405,Low,Deficit
2015-07-09,JGL-1798,2306,Medium,Normal
2015-07-09,IR-64,2183,Low,Normal
2015-07-09,Jyothi,1980,Medium,Normal
2015-07-09,MTU-1010,2323,High,Deficit
2015-07-16,BPT-5204,2354,High,Normal
2015-07-16,JGL-1798,2210,High,Surplus
2015-07-16,IR-64,2184,High,Surplus
2015-07-16,Jyothi,2012,High,Deficit
2015-07-16,MTU-1010,2432,Low,Surplus
2015-07-23,BPT-5204,2292,High,Surplus
2015-07-23,JGL-1798,2210,Medium,Surplus
2015-07-23,IR-64,2172,Low,Normal
2015-07-23,Jyothi,2132,Low,Surplus
2015-07-23,MTU-1010,2366,Medium,Deficit
2015-07-30,BPT-5204,2363,High,Normal
2015-07-30,JGL-1798,2354,Low,Surplus
2015-07-30,IR-64,2146,Medium,Deficit
2015-07-30,Jyothi,2033,High,Surplus
2015-07-30,MTU-1010,2316,Low,Deficit
2015-08-06,BPT-5204,2333,High,Surplus
2015-08-06,JGL-1798,2321,High,Deficit
2015-08-06,IR-64,2245,High,Surplus
2015-08-06,Jyothi,2054,High,Normal
2015-08-06,MTU-1010,2440,Medium,Surplus
2015-08-13,BPT-5204,2359,Medium,Deficit
2015-08-13,JGL-1798,2320,Low,Deficit
2015-08-13,IR-64,2096,Low,Surplus
2015-08-13,Jyothi,2007,Medium,Normal
2015-08-13,MTU-1010,2339,Low,Normal
2015-08-20,BPT-5204,2319,High,Normal
2015-08-20,JGL-1798,2224,High,Surplus
2015-08-20,IR-64,2123,Medium,Deficit
2015-08-20,Jyothi,2120,Low,Surplus
2015-08-20,MTU-1010,2340,Medium,Normal
2015-08-27,BPT-5204,2352,Low,Normal
2015-08-27,JGL-1798,2250,Low,Normal
2015-08-27,IR-64,2196,Low,Normal
2015-08-27,Jyothi,1985,Medium,Deficit
2015-08-27,MTU-1010,2316,Low,Deficit
2015-09-03,BPT-5204,2095,Medium,Deficit
2015-09-03,JGL-1798,2046,Low,Normal
2015-09-03,IR-64,1921,High,Normal
2015-09-03,Jyothi,1831,High,Surplus
2015-09-03,MTU-1010,2262,Medium,Surplus
2015-09-10,BPT-5204,2125,High,Normal
2015-09-10,JGL-1798,2017,High,Deficit
2015-09-10,IR-64,1987,Medium,Normal
2015-09-10,Jyothi,1980,Low,Surplus
2015-09-10,MTU-1010,2221,Medium,Deficit
2015-09-17,BPT-5204,2162,High,Deficit
2015-09-17,JGL-1798,2000,High,Surplus
2015-09-17,IR-64,1939,Medium,Deficit
2015-09-17,Jyothi,1816,Low,Deficit
2015-09-17,MTU-1010,2232,Low,Normal
2015-09-24,BPT-5204,2165,Low,Normal
2015-09-24,JGL-1798,2112,High,Deficit
2015-09-24,IR-64,1992,Medium,Deficit
2015-09-24,Jyothi,1900,Low,Deficit
2015-09-24,MTU-1010,2222,Medium,Surplus
2015-10-01,BPT-5204,2230,Low,Deficit
2015-10-01,JGL-1798,2099,Low,Surplus
2015-10-01,IR-64,1962,Medium,Deficit
2015-10-01,Jyothi,1837,Medium,Surplus
2015-10-01,MTU-1010,2169,High,Normal
2015-10-08,BPT-5204,2307,High,Surplus
2015-10-08,JGL-1798,2115,High,Surplus
2015-10-08,IR-64,1995,Medium,Surplus
2015-10-08,Jyothi,1887,Low,Surplus
2015-10-08,MTU-1010,2145,High,Deficit
2015-10-15,BPT-5204,2112,High,Normal
2015-10-15,JGL-1798,2189,Medium,Deficit
2015-10-15,IR-64,1956,High,Surplus
2015-10-15,Jyothi,1935,High,Deficit
2015-10-15,MTU-1010,2202,High,Deficit
2015-10-22,BPT-5204,2282,High,Surplus
2015-10-22,JGL-1798,2182,High,Normal
2015-10-22,IR-64,2021,Medium,Surplus
2015-10-22,Jyothi,1943,High,Deficit
2015-10-22,MTU-1010,2151,Low,Deficit
2015-10-29,BPT-5204,2123,Low,Surplus
2015-10-29,JGL-1798,2163,High,Normal
2015-10-29,IR-64,2031,Low,Normal
2015-10-29,Jyothi,1828,Low,Deficit
2015-10-29,MTU-1010,2267,Low,Surplus
2015-11-05,BPT-5204,1998,High,Deficit
2015-11-05,JGL-1798,2021,Low,Normal
2015-11-05,IR-64,1897,High,Normal
2015-11-05,Jyothi,1763,Low,Surplus
2015-11-05,MTU-1010,1964,Low,Normal
2015-11-12,BPT-5204,2039,Low,Normal
2015-11-12,JGL-1798,1865,Low,Surplus
2015-11-12,IR-64,1887,Medium,Deficit
2015-11-12,Jyothi,1689,Medium,Normal
2015-11-12,MTU-1010,1926,High,Normal
2015-11-19,BPT-5204,1959,Medium,Deficit
2015-11-19,JGL-1798,1951,Medium,Normal
2015-11-19,IR-64,1884,Medium,Surplus
2015-11-19,Jyothi,1799,Low,Surplus
2015-11-19,MTU-1010,1934,High,Normal
2015-11-26,BPT-5204,1950,Medium,Deficit
2015-11-26,JGL-1798,1884,High,Surplus
2015-11-26,IR-64,1833,High,Deficit
2015-11-26,Jyothi,1796,Low,Surplus
2015-11-26,MTU-1010,1930,Low,Deficit
2015-12-03,BPT-5204,2065,Medium,Normal
2015-12-03,JGL-1798,1917,High,Deficit
2015-12-03,IR-64,1765,Low,Deficit
2015-12-03,Jyothi,1669,High,Deficit
2015-12-03,MTU-1010,1913,Low,Normal
2015-12-10,BPT-5204,2058,High,Normal
2015-12-10,JGL-1798,1909,High,Surplus
2015-12-10,IR-64,1788,High,Normal
2015-12-10,Jyothi,1795,Low,Normal
2015-12-10,MTU-1010,2032,Low,Deficit
2015-12-17,BPT-5204,2055,Medium,Normal
2015-12-17,JGL-1798,1939,Medium,Surplus
2015-12-17,IR-64,1852,Medium,Deficit
2015-12-17,Jyothi,1813,High,Deficit
2015-12-17,MTU-1010,1929,Low,Surplus
2015-12-24,BPT-5204,1977,Medium,Deficit
2015-12-24,JGL-1798,2009,Medium,Surplus
2015-12-24,IR-64,1777,Low,Surplus
2015-12-24,Jyothi,1830,Medium,Deficit
2015-12-24,MTU-1010,1896,High,Normal
2015-12-31,BPT-5204,2089,Medium,Deficit
2015-12-31,JGL-1798,1971,Low,Normal
2015-12-31,IR-64,1847,Low,Normal
2015-12-31,Jyothi,1700,Low,Normal
2015-12-31,MTU-1010,1918,Low,Deficit
2016-01-07,BPT-5204,2158,High,Surplus
2016-01-07,JGL-1798,2037,High,Deficit
2016-01-07,IR-64,1924,Medium,Deficit
2016-01-07,Jyothi,1921,Low,Normal
2016-01-07,MTU-1010,2144,High,Normal
2016-01-14,BPT-5204,2125,High,Surplus
2016-01-14,JGL-1798,2022,High,Deficit
2016-01-14,IR-64,2011,Low,Deficit
2016-01-14,Jyothi,1852,Low,Normal
2016-01-14,MTU-1010,2057,Medium,Normal
2016-01-21,BPT-5204,2098,Medium,Normal
2016-01-21,JGL-1798,1949,Low,Deficit
2016-01-21,IR-64,2011,High,Normal
2016-01-21,Jyothi,1799,Low,Surplus
2016-01-21,MTU-1010,2040,High,Normal
2016-01-28,BPT-5204,2150,Medium,Deficit
2016-01-28,JGL-1798,2062,Medium,Normal
2016-01-28,IR-64,1911,High,Deficit
2016-01-28,Jyothi,1763,High,Normal
2016-01-28,MTU-1010,2018,Medium,Normal
2016-02-04,BPT-5204,2315,Medium,Normal
2016-02-04,JGL-1798,2225,Medium,Normal
2016-02-04,IR-64,2086,High,Normal
2016-02-04,Jyothi,1921,High,Normal
2016-02-04,MTU-1010,2305,High,Surplus
2016-02-11,BPT-5204,2204,Low,Surplus
2016-02-11,JGL-1798,2142,Low,Surplus
2016-02-11,IR-64,2052,High,Normal
2016-02-11,Jyothi,1984,Low,Deficit
2016-02-11,MTU-1010,2342,High,Deficit
2016-02-18,BPT-5204,2366,Low,Surplus
2016-02-18,JGL-1798,2245,Medium,Normal
2016-02-18,IR-64,2061,Medium,Normal
2016-02-18,Jyothi,2030,Low,Surplus
2016-02-18,MTU-1010,2361,Medium,Surplus
2016-02-25,BPT-5204,2401,High,Normal
2016-02-25,JGL-1798,2239,Low,Normal
2016-02-25,IR-64,2194,High,Normal
2016-02-25,Jyothi,1917,Medium,Deficit
2016-02-25,MTU-1010,2242,Low,Normal
2016-03-03,BPT-5204,2342,Medium,Surplus
2016-03-03,JGL-1798,2249,Low,Deficit
2016-03-03,IR-64,2073,Low,Normal
2016-03-03,Jyothi,2072,Low,Normal
2016-03-03,MTU-1010,2174,High,Normal
2016-03-10,BPT-5204,2361,Low,Deficit
2016-03-10,JGL-1798,2096,Low,Deficit
2016-03-10,IR-64,2054,High,Deficit
2016-03-10,Jyothi,2090,Medium,Surplus
2016-03-10,MTU-1010,2345,High,Surplus
2016-03-17,BPT-5204,2272,Medium,Deficit
2016-03-17,JGL-1798,2300,Medium,Surplus
2016-03-17,IR-64,2088,High,Normal
2016-03-17,Jyothi,1957,Low,Deficit
2016-03-17,MTU-1010,2236,High,Normal
2016-03-24,BPT-5204,2198,Medium,Deficit
2016-03-24,JGL-1798,2129,High,Surplus
2016-03-24,IR-64,2099,Low,Deficit
2016-03-24,Jyothi,1931,Medium,Surplus
2016-03-24,MTU-1010,2322,Low,Deficit
2016-03-31,BPT-5204,2203,Medium,Deficit
2016-03-31,JGL-1798,2276,High,Normal
2016-03-31,IR-64,2157,High,Deficit
2016-03-31,Jyothi,1912,Low,Normal
2016-03-31,MTU-1010,2358,High,Surplus
2016-04-07,BPT-5204,2211,Medium,Surplus
2016-04-07,JGL-1798,2138,Low,Normal
2016-04-07,IR-64,2044,Low,Normal
2016-04-07,Jyothi,2030,High,Surplus
2016-04-07,MTU-1010,2217,Medium,Deficit
2016-04-14,BPT-5204,2383,Low,Surplus
2016-04-14,JGL-1798,2095,Medium,Deficit
2016-04-14,IR-64,2033,Low,Normal
2016-04-14,Jyothi,1937,High,Deficit
2016-04-14,MTU-1010,2344,High,Normal
2016-04-21,BPT-5204,2415,Low,Normal
2016-04-21,JGL-1798,2197,Low,Surplus
2016-04-21,IR-64,2068,Low,Normal
2016-04-21,Jyothi,1945,Medium,Surplus
2016-04-21,MTU-1010,2174,Medium,Normal
2016-04-28,BPT-5204,2280,Low,Surplus
2016-04-28,JGL-1798,2128,Medium,Normal
2016-04-28,IR-64,2169,High,Normal
2016-04-28,Jyothi,2034,Low,Surplus
2016-04-28,MTU-1010,2240,Medium,Deficit
2016-05-05,BPT-5204,2276,Medium,Deficit
2016-05-05,JGL-1798,2117,High,Deficit
2016-05-05,IR-64,2027,Low,Deficit
2016-05-05,Jyothi,2041,Low,Surplus
2016-05-05,MTU-1010,2322,Medium,Deficit
2016-05-12,BPT-5204,2270,High,Surplus
2016-05-12,JGL-1798,2274,Low,Deficit
2016-05-12,IR-64,2025,High,Deficit
2016-05-12,Jyothi,1937,Medium,Deficit
2016-05-12,MTU-1010,2160,High,Surplus
2016-05-19,BPT-5204,2377,High,Deficit
2016-05-19,JGL-1798,2110,High,Surplus
2016-05-19,IR-64,2087,High,Deficit
2016-05-19,Jyothi,1981,Low,Surplus
2016-05-19,MTU-1010,2179,Low,Surplus
2016-05-26,BPT-5204,2367,Medium,Deficit
2016-05-26,JGL-1798,2104,Medium,Deficit
2016-05-26,IR-64,2067,Medium,Deficit
2016-05-26,Jyothi,1965,Low,Surplus
2016-05-26,MTU-1010,2195,Low,Deficit
2016-06-02,BPT-5204,2492,Medium,Deficit
2016-06-02,JGL-1798,2383,Low,Deficit
2016-06-02,IR-64,2242,Low,Surplus
2016-06-02,Jyothi,2075,Medium,Surplus
2016-06-02,MTU-1010,2522,High,Surplus
2016-06-09,BPT-5204,2394,Low,Normal
2016-06-09,JGL-1798,2402,Low,Deficit
2016-06-09,IR-64,2214,Medium,Surplus
2016-06-09,Jyothi,2085,High,Surplus
2016-06-09,MTU-1010,2444,High,Normal
2016-06-16,BPT-5204,2550,High,Surplus
2016-06-16,JGL-1798,2269,Low,Normal
2016-06-16,IR-64,2346,Low,Deficit
2016-06-16,Jyothi,2076,Medium,Surplus
2016-06-16,MTU-1010,2511,High,Deficit
2016-06-23,BPT-5204,2400,High,Deficit
2016-06-23,JGL-1798,2458,Low,Normal
2016-06-23,IR-64,2155,Medium,Surplus
2016-06-23,Jyothi,2219,Low,Surplus
2016-06-23,MTU-1010,2565,Low,Surplus
2016-06-30,BPT-5204,2597,Medium,Deficit
2016-06-30,JGL-1798,2305,High,Normal
2016-06-30,IR-64,2268,High,Normal
2016-06-30,Jyothi,2151,High,Normal
2016-06-30,MTU-1010,2412,Low,Deficit
2016-07-07,BPT-5204,2537,High,Normal
2016-07-07,JGL-1798,2477,Medium,Normal
2016-07-07,IR-64,2373,High,Surplus
2016-07-07,Jyothi,2198,High,Deficit
2016-07-07,MTU-1010,2401,Low,Surplus
2016-07-14,BPT-5204,2481,Medium,Surplus
2016-07-14,JGL-1798,2479,Low,Normal
2016-07-14,IR-64,2264,Medium,Deficit
2016-07-14,Jyothi,2170,High,Deficit
2016-07-14,MTU-1010,2487,Medium,Deficit
2016-07-21,BPT-5204,2592,Medium,Normal
2016-07-21,JGL-1798,2393,Low,Normal
2016-07-21,IR-64,2362,Low,Normal
2016-07-21,Jyothi,2085,Low,Surplus
2016-07-21,MTU-1010,2384,Low,Surplus
2016-07-28,BPT-5204,2427,Low,Normal
2016-07-28,JGL-1798,2400,Low,Deficit
2016-07-28,IR-64,2226,High,Deficit
2016-07-28,Jyothi,2079,High,Surplus
2016-07-28,MTU-1010,2382,High,Normal
2016-08-04,BPT-5204,2590,High,Surplus
2016-08-04,JGL-1798,2336,Low,Surplus
2016-08-04,IR-64,2244,High,Normal
2016-08-04,Jyothi,2179,Medium,Normal
2016-08-04,MTU-1010,2564,Medium,Deficit
2016-08-11,BPT-5204,2458,Low,Normal
2016-08-11,JGL-1798,2295,High,Surplus
2016-08-11,IR-64,2267,Medium,Normal
2016-08-11,Jyothi,2177,High,Deficit
2016-08-11,MTU-1010,2456,Low,Surplus
2016-08-18,BPT-5204,2486,Medium,Surplus
2016-08-18,JGL-1798,2417,Medium,Surplus
2016-08-18,IR-64,2264,Medium,Normal
2016-08-18,Jyothi,2106,Medium,Normal
2016-08-18,MTU-1010,2505,High,Surplus
2016-08-25,BPT-5204,2449,Medium,Surplus
2016-08-25,JGL-1798,2378,High,Deficit
2016-08-25,IR-64,2235,Medium,Deficit
2016-08-25,Jyothi,2258,Low,Normal
2016-08-25,MTU-1010,2458,Medium,Normal
2016-09-01,BPT-5204,2320,High,Surplus
2016-09-01,JGL-1798,2128,Medium,Surplus
2016-09-01,IR-64,2053,Low,Normal
2016-09-01,Jyothi,2085,High,Surplus
2016-09-01,MTU-1010,2293,Medium,Surplus
2016-09-08,BPT-5204,2376,Medium,Surplus
2016-09-08,JGL-1798,2299,Low,Normal
2016-09-08,IR-64,2042,Medium,Deficit
2016-09-08,Jyothi,2027,High,Surplus
2016-09-08,MTU-1010,2372,Low,Surplus
2016-09-15,BPT-5204,2200,Medium,Surplus
2016-09-15,JGL-1798,2257,High,Surplus
2016-09-15,IR-64,2186,High,Surplus
2016-09-15,Jyothi,1932,Low,Deficit
2016-09-15,MTU-1010,2281,Medium,Surplus
2016-09-22,BPT-5204,2336,Medium,Deficit
2016-09-22,JGL-1798,2302,High,Deficit
2016-09-22,IR-64,2106,Medium,Normal
2016-09-22,Jyothi,2069,Low,Surplus
2016-09-22,MTU-1010,2306,Low,Deficit
2016-09-29,BPT-5204,2239,Medium,Deficit
2016-09-29,JGL-1798,2156,High,Normal
2016-09-29,IR-64,2082,Medium,Normal
2016-09-29,Jyothi,2041,Medium,Normal
2016-09-29,MTU-1010,2313,Low,Surplus
2016-10-06,BPT-5204,2313,Medium,Surplus
2016-10-06,JGL-1798,2221,Medium,Normal
2016-10-06,IR-64,2164,High,Normal
2016-10-06,Jyothi,1907,Low,Surplus
2016-10-06,MTU-1010,2359,High,Surplus
2016-10-13,BPT-5204,2267,High,Surplus
2016-10-13,JGL-1798,2283,High,Normal
2016-10-13,IR-64,2139,High,Surplus
2016-10-13,Jyothi,2091,Medium,Normal
2016-10-13,MTU-1010,2360,High,Surplus
2016-10-20,BPT-5204,2209,High,Normal
2016-10-20,JGL-1798,2268,Low,Normal
2016-10-20,IR-64,2022,Medium,Deficit
2016-10-20,Jyothi,2067,Low,Surplus
2016-10-20,MTU-1010,2176,Low,Normal
2016-10-27,BPT-5204,2233,Medium,Normal
2016-10-27,JGL-1798,2246,Medium,Normal
2016-10-27,IR-64,2052,Low,Surplus
2016-10-27,Jyothi,2089,Low,Deficit
2016-10-27,MTU-1010,2212,Medium,Deficit
2016-11-03,BPT-5204,2149,Low,Normal
2016-11-03,JGL-1798,1982,Medium,Deficit
2016-11-03,IR-64,1951,High,Normal
2016-11-03,Jyothi,1920,Medium,Surplus
2016-11-03,MTU-1010,2016,High,Deficit
2016-11-10,BPT-5204,2170,Low,Surplus
2016-11-10,JGL-1798,2117,Medium,Surplus
2016-11-10,IR-64,1954,High,Normal
2016-11-10,Jyothi,1898,High,Normal
2016-11-10,MTU-1010,1997,High,Deficit
2016-11-17,BPT-5204,2225,Low,Normal
2016-11-17,JGL-1798,1954,High,Normal
2016-11-17,IR-64,1996,Medium,Normal
2016-11-17,Jyothi,1812,Low,Deficit
2016-11-17,MTU-1010,2169,Low,Surplus
2016-11-24,BPT-5204,2208,Medium,Deficit
2016-11-24,JGL-1798,2118,Medium,Deficit
2016-11-24,IR-64,2024,High,Normal
2016-11-24,Jyothi,1823,High,Deficit
2016-11-24,MTU-1010,2049,Low,Deficit
2016-12-01,BPT-5204,2049,Low,Deficit
2016-12-01,JGL-1798,2080,Medium,Deficit
2016-12-01,IR-64,1896,High,Surplus
2016-12-01,Jyothi,1910,Medium,Normal
2016-12-01,MTU-1010,2124,High,Deficit
2016-12-08,BPT-5204,2063,High,Surplus
2016-12-08,JGL-1798,2035,High,Normal
2016-12-08,IR-64,2017,Low,Surplus
2016-12-08,Jyothi,1810,Medium,Normal
2016-12-08,MTU-1010,2132,Low,Normal
2016-12-15,BPT-5204,2118,High,Normal
2016-12-15,JGL-1798,1953,Low,Deficit
2016-12-15,IR-64,1861,Medium,Deficit
2016-12-15,Jyothi,1827,High,Surplus
2016-12-15,MTU-1010,2139,Medium,Deficit
2016-12-22,BPT-5204,2070,High,Surplus
2016-12-22,JGL-1798,2116,Medium,Deficit
2016-12-22,IR-64,1857,High,Surplus
2016-12-22,Jyothi,1878,High,Normal
2016-12-22,MTU-1010,2136,Medium,Normal
2016-12-29,BPT-5204,2094,High,Deficit
2016-12-29,JGL-1798,2051,High,Surplus
2016-12-29,IR-64,2000,Medium,Deficit
2016-12-29,Jyothi,1805,Medium,Surplus
2016-12-29,MTU-1010,2148,High,Deficit
2017-01-05,BPT-5204,2309,Low,Deficit
2017-01-05,JGL-1798,2154,High,Deficit
2017-01-05,IR-64,2103,Low,Surplus
2017-01-05,Jyothi,1881,High,Deficit
2017-01-05,MTU-1010,2098,Medium,Deficit
2017-01-12,BPT-5204,2243,Medium,Normal
2017-01-12,JGL-1798,2092,Low,Surplus
2017-01-12,IR-64,1926,Medium,Normal
2017-01-12,Jyothi,1873,High,Deficit
2017-01-12,MTU-1010,2189,Medium,Surplus
2017-01-19,BPT-5204,2263,Low,Surplus
2017-01-19,JGL-1798,2100,High,Surplus
2017-01-19,IR-64,1926,Medium,Deficit
2017-01-19,Jyothi,1874,High,Deficit
2017-01-19,MTU-1010,2229,Low,Surplus
2017-01-26,BPT-5204,2142,High,Surplus
2017-01-26,JGL-1798,2035,High,Normal
2017-01-26,IR-64,2000,Low,Deficit
2017-01-26,Jyothi,1906,Medium,Surplus
2017-01-26,MTU-1010,2225,Low,Deficit
2017-02-02,BPT-5204,2325,Medium,Deficit
2017-02-02,JGL-1798,2377,Medium,Normal
2017-02-02,IR-64,2132,Low,Normal
2017-02-02,Jyothi,2185,Low,Normal
2017-02-02,MTU-1010,2392,Medium,Normal
2017-02-09,BPT-5204,2344,Medium,Surplus
2017-02-09,JGL-1798,2363,High,Normal
2017-02-09,IR-64,2250,Medium,Normal
2017-02-09,Jyothi,2066,Low,Deficit
2017-02-09,MTU-1010,2477,Low,Surplus
2017-02-16,BPT-5204,2464,High,Surplus
2017-02-16,JGL-1798,2415,Low,Normal
2017-02-16,IR-64,2280,High,Deficit
2017-02-16,Jyothi,1992,High,Normal
2017-02-16,MTU-1010,2432,High,Deficit
2017-02-23,BPT-5204,2358,High,Surplus
2017-02-23,JGL-1798,2325,High,Deficit
2017-02-23,IR-64,2103,Low,Normal
2017-02-23,Jyothi,2102,High,Normal
2017-02-23,MTU-1010,2425,Medium,Deficit
2017-03-02,BPT-5204,2377,High,Deficit
2017-03-02,JGL-1798,2239,Low,Surplus
2017-03-02,IR-64,2158,Low,Deficit
2017-03-02,Jyothi,2190,Medium,Surplus
2017-03-02,MTU-1010,2477,High,Normal
2017-03-09,BPT-5204,2372,High,Normal
2017-03-09,JGL-1798,2213,Low,Surplus
2017-03-09,IR-64,2186,Low,Surplus
2017-03-09,Jyothi,2072,Medium,Normal
2017-03-09,MTU-1010,2406,Medium,Surplus
2017-03-16,BPT-5204,2469,Low,Normal
2017-03-16,JGL-1798,2312,Medium,Normal
2017-03-16,IR-64,2178,Medium,Deficit
2017-03-16,Jyothi,2136,High,Normal
2017-03-16,MTU-1010,2389,High,Surplus
2017-03-23,BPT-5204,2501,Medium,Deficit
2017-03-23,JGL-1798,2219,Low,Surplus
2017-03-23,IR-64,2179,High,Normal
2017-03-23,Jyothi,2134,Low,Normal
2017-03-23,MTU-1010,2335,High,Deficit
2017-03-30,BPT-5204,2378,Medium,Surplus
2017-03-30,JGL-1798,2256,Low,Deficit
2017-03-30,IR-64,2127,Medium,Surplus
2017-03-30,Jyothi,2134,Low,Normal
2017-03-30,MTU-1010,2280,Low,Surplus
2017-04-06,BPT-5204,2457,Medium,Surplus
2017-04-06,JGL-1798,2377,Low,Deficit
2017-04-06,IR-64,2168,Medium,Surplus
2017-04-06,Jyothi,2047,Medium,Surplus
2017-04-06,MTU-1010,2468,Low,Normal
2017-04-13,BPT-5204,2322,High,Normal
2017-04-13,JGL-1798,2424,Low,Normal
2017-04-13,IR-64,2118,Medium,Surplus
2017-04-13,Jyothi,2106,Low,Surplus
2017-04-13,MTU-1010,2337,Low,Normal
2017-04-20,BPT-5204,2381,High,Deficit
2017-04-20,JGL-1798,2268,Low,Normal
2017-04-20,IR-64,2163,Medium,Normal
2017-04-20,Jyothi,2086,High,Surplus
2017-04-20,MTU-1010,2358,Low,Deficit
2017-04-27,BPT-5204,2329,High,Normal
2017-04-27,JGL-1798,2220,High,Normal
2017-04-27,IR-64,2157,Low,Normal
2017-04-27,Jyothi,2152,High,Normal
2017-04-27,MTU-1010,2266,High,Surplus
2017-05-04,BPT-5204,2426,Low,Surplus
2017-05-04,JGL-1798,2374,Low,Surplus
2017-05-04,IR-64,2309,High,Deficit
2017-05-04,Jyothi,2113,Medium,Surplus
2017-05-04,MTU-1010,2305,Medium,Normal
2017-05-11,BPT-5204,2473,Medium,Surplus
2017-05-11,JGL-1798,2233,Low,Surplus
2017-05-11,IR-64,2220,Low,Surplus
2017-05-11,Jyothi,2135,Low,Normal
2017-05-11,MTU-1010,2331,Medium,Normal
2017-05-18,BPT-5204,2357,High,Normal
2017-05-18,JGL-1798,2240,High,Surplus
2017-05-18,IR-64,2245,Low,Surplus
2017-05-18,Jyothi,2159,High,Deficit
2017-05-18,MTU-1010,2444,Medium,Deficit
2017-05-25,BPT-5204,2389,Low,Deficit
2017-05-25,JGL-1798,2262,Medium,Surplus
2017-05-25,IR-64,2225,Medium,Deficit
2017-05-25,Jyothi,2102,High,Surplus
2017-05-25,MTU-1010,2460,Medium,Surplus
2017-06-01,BPT-5204,2650,Low,Normal
2017-06-01,JGL-1798,2510,Medium,Normal
2017-06-01,IR-64,2304,High,Deficit
2017-06-01,Jyothi,2199,Low,Deficit
2017-06-01,MTU-1010,2628,Low,Surplus
2017-06-08,BPT-5204,2504,Low,Normal
2017-06-08,JGL-1798,2552,Low,Surplus
2017-06-08,IR-64,2281,Medium,Deficit
2017-06-08,Jyothi,2311,High,Surplus
2017-06-08,MTU-1010,2688,Medium,Surplus
2017-06-15,BPT-5204,2541,High,Normal
2017-06-15,JGL-1798,2566,High,Surplus
2017-06-15,IR-64,2261,Low,Surplus
2017-06-15,Jyothi,2345,Medium,Deficit
2017-06-15,MTU-1010,2681,High,Deficit
2017-06-22,BPT-5204,2672,High,Surplus
2017-06-22,JGL-1798,2499,High,Deficit
2017-06-22,IR-64,2452,High,Normal
2017-06-22,Jyothi,2240,Medium,Surplus
2017-06-22,MTU-1010,2525,High,Normal
2017-06-29,BPT-5204,2645,Low,Normal
2017-06-29,JGL-1798,2472,Medium,Deficit
2017-06-29,IR-64,2414,Medium,Normal
2017-06-29,Jyothi,2188,Medium,Surplus
2017-06-29,MTU-1010,2534,Low,Normal
2017-07-06,BPT-5204,2628,High,Deficit
2017-07-06,JGL-1798,2455,High,Deficit
2017-07-06,IR-64,2405,Low,Surplus
2017-07-06,Jyothi,2268,High,Surplus
2017-07-06,MTU-1010,2542,Low,Deficit
2017-07-13,BPT-5204,2690,Medium,Surplus
2017-07-13,JGL-1798,2374,Medium,Surplus
2017-07-13,IR-64,2349,Low,Surplus
2017-07-13,Jyothi,2336,Medium,Normal
2017-07-13,MTU-1010,2683,High,Deficit
2017-07-20,BPT-5204,2538,Low,Normal
2017-07-20,JGL-1798,2590,Medium,Deficit
2017-07-20,IR-64,2426,Low,Surplus
2017-07-20,Jyothi,2316,Medium,Surplus
2017-07-20,MTU-1010,2663,Medium,Normal
2017-07-27,BPT-5204,2713,Medium,Deficit
2017-07-27,JGL-1798,2532,Low,Normal
2017-07-27,IR-64,2407,High,Normal
2017-07-27,Jyothi,2265,Medium,Deficit
2017-07-27,MTU-1010,2545,High,Surplus
2017-08-03,BPT-5204,2580,Low,Normal
2017-08-03,JGL-1798,2568,Medium,Surplus
2017-08-03,IR-64,2398,Low,Surplus
2017-08-03,Jyothi,2194,Medium,Deficit
2017-08-03,MTU-1010,2479,Low,Normal
2017-08-10,BPT-5204,2625,Low,Surplus
2017-08-10,JGL-1798,2432,Medium,Normal
2017-08-10,IR-64,2412,Medium,Deficit
2017-08-10,Jyothi,2240,Low,Deficit
2017-08-10,MTU-1010,2611,Low,Deficit
2017-08-17,BPT-5204,2668,Low,Deficit
2017-08-17,JGL-1798,2564,Low,Surplus
2017-08-17,IR-64,2460,Low,Normal
2017-08-17,Jyothi,2290,Low,Normal
2017-08-17,MTU-1010,2693,Medium,Normal
2017-08-24,BPT-5204,2698,High,Surplus
2017-08-24,JGL-1798,2569,Low,Surplus
2017-08-24,IR-64,2373,High,Deficit
2017-08-24,Jyothi,2259,Low,Deficit
2017-08-24,MTU-1010,2501,Low,Normal
2017-08-31,BPT-5204,2721,High,Normal
2017-08-31,JGL-1798,2590,Low,Deficit
2017-08-31,IR-64,2443,High,Normal
2017-08-31,Jyothi,2246,Medium,Normal
2017-08-31,MTU-1010,2471,High,Deficit
2017-09-07,BPT-5204,2535,Low,Deficit
2017-09-07,JGL-1798,2264,High,Surplus
2017-09-07,IR-64,2281,Low,Deficit
2017-09-07,Jyothi,2075,High,Normal
2017-09-07,MTU-1010,2400,High,Deficit
2017-09-14,BPT-5204,2477,Low,Normal
2017-09-14,JGL-1798,2350,High,Deficit
2017-09-14,IR-64,2237,Low,Surplus
2017-09-14,Jyothi,2184,Low,Surplus
2017-09-14,MTU-1010,2290,Medium,Deficit
2017-09-21,BPT-5204,2539,High,Deficit
2017-09-21,JGL-1798,2363,Low,Normal
2017-09-21,IR-64,2240,High,Deficit
2017-09-21,Jyothi,2183,Medium,Surplus
2017-09-21,MTU-1010,2356,Low,Surplus
2017-09-28,BPT-5204,2305,High,Deficit
2017-09-28,JGL-1798,2355,High,Deficit
2017-09-28,IR-64,2096,Medium,Surplus
2017-09-28,Jyothi,2100,Medium,Normal
2017-09-28,MTU-1010,2463,Medium,Surplus
2017-10-05,BPT-5204,2366,Medium,Surplus
2017-10-05,JGL-1798,2210,High,Surplus
2017-10-05,IR-64,2174,Low,Normal
2017-10-05,Jyothi,2091,Low,Surplus
2017-10-05,MTU-1010,2314,Low,Normal
2017-10-12,BPT-5204,2444,High,Deficit
2017-10-12,JGL-1798,2336,Medium,Surplus
2017-10-12,IR-64,2094,Medium,Normal
2017-10-12,Jyothi,2038,Low,Deficit
2017-10-12,MTU-1010,2467,High,Surplus
2017-10-19,BPT-5204,2440,High,Normal
2017-10-19,JGL-1798,2194,High,Surplus
2017-10-19,IR-64,2130,Low,Normal
2017-10-19,Jyothi,2136,Medium,Normal
2017-10-19,MTU-1010,2412,High,Deficit
2017-10-26,BPT-5204,2309,Medium,Surplus
2017-10-26,JGL-1798,2419,High,Surplus
2017-10-26,IR-64,2112,Low,Surplus
2017-10-26,Jyothi,2181,Low,Deficit
2017-10-26,MTU-1010,2261,Medium,Surplus
2017-11-02,BPT-5204,2323,Medium,Deficit
2017-11-02,JGL-1798,2085,High,Normal
2017-11-02,IR-64,2111,High,Normal
2017-11-02,Jyothi,1927,High,Normal
2017-11-02,MTU-1010,2190,High,Surplus
2017-11-09,BPT-5204,2242,Low,Normal
2017-11-09,JGL-1798,2179,High,Surplus
2017-11-09,IR-64,2088,High,Surplus
2017-11-09,Jyothi,1857,Medium,Surplus
2017-11-09,MTU-1010,2154,Low,Surplus
2017-11-16,BPT-5204,2184,Medium,Surplus
2017-11-16,JGL-1798,2142,Low,Normal
2017-11-16,IR-64,1978,High,Normal
2017-11-16,Jyothi,2006,Low,Surplus
2017-11-16,MTU-1010,2138,High,Surplus
2017-11-23,BPT-5204,2193,Low,Surplus
2017-11-23,JGL-1798,2048,Medium,Deficit
2017-11-23,IR-64,2045,Low,Surplus
2017-11-23,Jyothi,1837,Medium,Surplus
2017-11-23,MTU-1010,2215,Low,Normal
2017-11-30,BPT-5204,2127,Medium,Surplus
2017-11-30,JGL-1798,2143,High,Deficit
2017-11-30,IR-64,1961,High,Surplus
2017-11-30,Jyothi,1905,Low,Normal
2017-11-30,MTU-1010,2271,Medium,Normal
2017-12-07,BPT-5204,2181,Medium,Normal
2017-12-07,JGL-1798,2068,Medium,Surplus
2017-12-07,IR-64,2115,Medium,Surplus
2017-12-07,Jyothi,1989,High,Normal
2017-12-07,MTU-1010,2103,Medium,Deficit
2017-12-14,BPT-5204,2268,Medium,Normal
2017-12-14,JGL-1798,2032,Medium,Surplus
2017-12-14,IR-64,1996,Medium,Surplus
2017-12-14,Jyothi,1997,Medium,Normal
2017-12-14,MTU-1010,2215,Medium,Normal
2017-12-21,BPT-5204,2329,High,Surplus
2017-12-21,JGL-1798,2230,High,Surplus
2017-12-21,IR-64,2086,High,Surplus
2017-12-21,Jyothi,1989,Low,Normal
2017-12-21,MTU-1010,2141,Medium,Deficit
2017-12-28,BPT-5204,2196,Low,Surplus
2017-12-28,JGL-1798,2091,Medium,Surplus
2017-12-28,IR-64,2022,High,Surplus
2017-12-28,Jyothi,1960,Low,Deficit
2017-12-28,MTU-1010,2156,Medium,Surplus
2018-01-04,BPT-5204,2345,Medium,Normal
2018-01-04,JGL-1798,2237,Low,Surplus
2018-01-04,IR-64,2193,Medium,Normal
2018-01-04,Jyothi,1969,Low,Normal
2018-01-04,MTU-1010,2387,High,Normal
2018-01-11,BPT-5204,2391,Low,Surplus
2018-01-11,JGL-1798,2301,Medium,Normal
2018-01-11,IR-64,2054,High,Normal
2018-01-11,Jyothi,1965,High,Normal
2018-01-11,MTU-1010,2278,High,Deficit
2018-01-18,BPT-5204,2328,High,Deficit
2018-01-18,JGL-1798,2279,Low,Surplus
2018-01-18,IR-64,2075,Low,Surplus
2018-01-18,Jyothi,2063,Low,Deficit
2018-01-18,MTU-1010,2366,Low,Deficit
2018-01-25,BPT-5204,2258,Medium,Surplus
2018-01-25,JGL-1798,2131,Medium,Deficit
2018-01-25,IR-64,2061,Low,Deficit
2018-01-25,Jyothi,1926,Medium,Surplus
2018-01-25,MTU-1010,2376,Medium,Surplus
2018-02-01,BPT-5204,2489,Medium,Deficit
2018-02-01,JGL-1798,2429,Medium,Surplus
2018-02-01,IR-64,2401,Medium,Deficit
2018-02-01,Jyothi,2149,Medium,Deficit
2018-02-01,MTU-1010,2532,Low,Deficit
2018-02-08,BPT-5204,2624,Low,Surplus
2018-02-08,JGL-1798,2422,Low,Surplus
2018-02-08,IR-64,2214,Medium,Deficit
2018-02-08,Jyothi,2278,Low,Deficit
2018-02-08,MTU-1010,2374,High,Deficit
2018-02-15,BPT-5204,2451,Medium,Surplus
2018-02-15,JGL-1798,2314,Low,Deficit
2018-02-15,IR-64,2317,Low,Normal
2018-02-15,Jyothi,2183,High,Normal
2018-02-15,MTU-1010,2526,Medium,Surplus
2018-02-22,BPT-5204,2453,High,Surplus
2018-02-22,JGL-1798,2434,High,Deficit
2018-02-22,IR-64,2341,High,Surplus
2018-02-22,Jyothi,2214,Medium,Normal
2018-02-22,MTU-1010,2408,Low,Deficit
2018-03-01,BPT-5204,2545,High,Normal
2018-03-01,JGL-1798,2452,Medium,Surplus
2018-03-01,IR-64,2215,High,Deficit
2018-03-01,Jyothi,2153,Low,Deficit
2018-03-01,MTU-1010,2485,High,Normal
2018-03-08,BPT-5204,2551,Low,Surplus
2018-03-08,JGL-1798,2513,Low,Deficit
2018-03-08,IR-64,2304,High,Deficit
2018-03-08,Jyothi,2216,High,Surplus
2018-03-08,MTU-1010,2494,Low,Deficit
2018-03-15,BPT-5204,2588,High,Surplus
2018-03-15,JGL-1798,2305,High,Surplus
2018-03-15,IR-64,2274,Medium,Deficit
2018-03-15,Jyothi,2087,High,Surplus
2018-03-15,MTU-1010,2405,Medium,Normal
2018-03-22,BPT-5204,2544,Medium,Normal
2018-03-22,JGL-1798,2371,High,Deficit
2018-03-22,IR-64,2319,Low,Normal
2018-03-22,Jyothi,2162,High,Normal
2018-03-22,MTU-1010,2555,Low,Normal
2018-03-29,BPT-5204,2470,Low,Deficit
2018-03-29,JGL-1798,2535,Medium,Surplus
2018-03-29,IR-64,2370,High,Deficit
2018-03-29,Jyothi,2197,Medium,Normal
2018-03-29,MTU-1010,2461,High,Normal
2018-04-05,BPT-5204,2433,High,Surplus
2018-04-05,JGL-1798,2503,Medium,Normal
2018-04-05,IR-64,2270,High,Deficit
2018-04-05,Jyothi,2119,Low,Surplus
2018-04-05,MTU-1010,2458,Medium,Normal
2018-04-12,BPT-5204,2507,Low,Deficit
2018-04-12,JGL-1798,2365,Medium,Normal
2018-04-12,IR-64,2197,Low,Normal
2018-04-12,Jyothi,2190,Low,Deficit
2018-04-12,MTU-1010,2440,Low,Surplus
2018-04-19,BPT-5204,2651,Medium,Surplus
2018-04-19,JGL-1798,2488,Medium,Deficit
2018-04-19,IR-64,2296,High,Normal
2018-04-19,Jyothi,2202,Medium,Normal
2018-04-19,MTU-1010,2596,High,Surplus
2018-04-26,BPT-5204,2554,Medium,Deficit
2018-04-26,JGL-1798,2519,Low,Deficit
2018-04-26,IR-64,2364,Medium,Surplus
2018-04-26,Jyothi,2132,High,Normal
2018-04-26,MTU-1010,2466,High,Deficit
2018-05-03,BPT-5204,2470,Medium,Deficit
2018-05-03,JGL-1798,2317,Medium,Surplus
2018-05-03,IR-64,2279,High,Surplus
2018-05-03,Jyothi,2271,Medium,Deficit
2018-05-03,MTU-1010,2406,Low,Surplus
2018-05-10,BPT-5204,2573,High,Surplus
2018-05-10,JGL-1798,2481,Low,Deficit
2018-05-10,IR-64,2263,High,Normal
2018-05-10,Jyothi,2191,Low,Deficit
2018-05-10,MTU-1010,2416,Low,Surplus
2018-05-17,BPT-5204,2501,Medium,Normal
2018-05-17,JGL-1798,2391,Medium,Surplus
2018-05-17,IR-64,2385,Low,Surplus
2018-05-17,Jyothi,2222,High,Deficit
2018-05-17,MTU-1010,2455,Medium,Surplus
2018-05-24,BPT-5204,2557,High,Deficit
2018-05-24,JGL-1798,2305,Low,Deficit
2018-05-24,IR-64,2225,Medium,Deficit
2018-05-24,Jyothi,2138,Low,Normal
2018-05-24,MTU-1010,2501,High,Surplus
2018-05-31,BPT-5204,2540,Low,Normal
2018-05-31,JGL-1798,2326,Medium,Normal
2018-05-31,IR-64,2259,High,Normal
2018-05-31,Jyothi,2253,High,Normal
2018-05-31,MTU-1010,2436,Low,Surplus
2018-06-07,BPT-5204,2844,High,Deficit
2018-06-07,JGL-1798,2655,Medium,Deficit
2018-06-07,IR-64,2598,Medium,Deficit
2018-06-07,Jyothi,2398,High,Deficit
2018-06-07,MTU-1010,2603,High,Normal
2018-06-14,BPT-5204,2750,Medium,Surplus
2018-06-14,JGL-1798,2561,Low,Normal
2018-06-14,IR-64,2411,Low,Surplus
2018-06-14,Jyothi,2300,High,Deficit
2018-06-14,MTU-1010,2750,Low,Surplus
2018-06-21,BPT-5204,2613,High,Normal
2018-06-21,JGL-1798,2681,Medium,Deficit
2018-06-21,IR-64,2397,Medium,Surplus
2018-06-21,Jyothi,2455,Medium,Deficit
2018-06-21,MTU-1010,2574,Medium,Surplus
2018-06-28,BPT-5204,2808,High,Deficit
2018-06-28,JGL-1798,2710,Medium,Normal
2018-06-28,IR-64,2561,Medium,Surplus
2018-06-28,Jyothi,2457,Low,Normal
2018-06-28,MTU-1010,2651,Low,Deficit
2018-07-05,BPT-5204,2720,High,Deficit
2018-07-05,JGL-1798,2521,Medium,Deficit
2018-07-05,IR-64,2428,Low,Normal
2018-07-05,Jyothi,2268,High,Normal
2018-07-05,MTU-1010,2578,Medium,Surplus
2018-07-12,BPT-5204,2838,Medium,Normal
2018-07-12,JGL-1798,2481,Medium,Deficit
2018-07-12,IR-64,2514,Medium,Surplus
2018-07-12,Jyothi,2382,Medium,Surplus
2018-07-12,MTU-1010,2749,Low,Deficit
2018-07-19,BPT-5204,2777,Medium,Normal
2018-07-19,JGL-1798,2670,High,Deficit
2018-07-19,IR-64,2590,Medium,Normal
2018-07-19,Jyothi,2254,Low,Surplus
2018-07-19,MTU-1010,2617,High,Surplus
2018-07-26,BPT-5204,2636,High,Deficit
2018-07-26,JGL-1798,2660,High,Surplus
2018-07-26,IR-64,2531,Low,Normal
2018-07-26,Jyothi,2457,High,Deficit
2018-07-26,MTU-1010,2774,Medium,Surplus
2018-08-02,BPT-5204,2787,Low,Normal
2018-08-02,JGL-1798,2538,Medium,Deficit
2018-08-02,IR-64,2440,Medium,Normal
2018-08-02,Jyothi,2266,High,Deficit
2018-08-02,MTU-1010,2706,Low,Normal
2018-08-09,BPT-5204,2746,Medium,Surplus
2018-08-09,JGL-1798,2565,High,Surplus
2018-08-09,IR-64,2604,Medium,Normal
2018-08-09,Jyothi,2360,Medium,Deficit
2018-08-09,MTU-1010,2748,High,Surplus
2018-08-16,BPT-5204,2859,High,Surplus
2018-08-16,JGL-1798,2618,High,Normal
2018-08-16,IR-64,2399,Low,Normal
2018-08-16,Jyothi,2431,Medium,Deficit
2018-08-16,MTU-1010,2581,High,Surplus
2018-08-23,BPT-5204,2857,Low,Normal
2018-08-23,JGL-1798,2677,High,Normal
2018-08-23,IR-64,2421,Medium,Normal
2018-08-23,Jyothi,2293,Medium,Normal
2018-08-23,MTU-1010,2586,Medium,Deficit
2018-08-30,BPT-5204,2749,Medium,Deficit
2018-08-30,JGL-1798,2635,High,Deficit
2018-08-30,IR-64,2372,High,Deficit
2018-08-30,Jyothi,2405,High,Deficit
2018-08-30,MTU-1010,2610,Medium,Deficit
2018-09-06,BPT-5204,2536,Low,Normal
2018-09-06,JGL-1798,2315,Medium,Deficit
2018-09-06,IR-64,2342,High,Surplus
2018-09-06,Jyothi,2204,Medium,Surplus
2018-09-06,MTU-1010,2548,Medium,Surplus
2018-09-13,BPT-5204,2443,High,Normal
2018-09-13,JGL-1798,2356,Low,Surplus
2018-09-13,IR-64,2262,Medium,Normal
2018-09-13,Jyothi,2247,Medium,Normal
2018-09-13,MTU-1010,2570,High,Surplus
2018-09-20,BPT-5204,2456,Low,Normal
2018-09-20,JGL-1798,2337,Low,Surplus
2018-09-20,IR-64,2261,High,Normal
2018-09-20,Jyothi,2100,High,Deficit
2018-09-20,MTU-1010,2456,Low,Normal
2018-09-27,BPT-5204,2456,High,Normal
2018-09-27,JGL-1798,2312,Low,Normal
2018-09-27,IR-64,2302,Medium,Deficit
2018-09-27,Jyothi,2292,Low,Surplus
2018-09-27,MTU-1010,2382,Medium,Normal
2018-10-04,BPT-5204,2614,Low,Normal
2018-10-04,JGL-1798,2430,Low,Surplus
2018-10-04,IR-64,2391,Low,Surplus
2018-10-04,Jyothi,2265,Low,Deficit
2018-10-04,MTU-1010,2505,Low,Deficit
2018-10-11,BPT-5204,2602,Low,Surplus
2018-10-11,JGL-1798,2339,Low,Surplus
2018-10-11,IR-64,2303,Medium,Normal
2018-10-11,Jyothi,2271,Low,Deficit
2018-10-11,MTU-1010,2560,Low,Deficit
2018-10-18,BPT-5204,2547,High,Surplus
2018-10-18,JGL-1798,2343,High,Deficit
2018-10-18,IR-64,2279,Medium,Normal
2018-10-18,Jyothi,2206,Low,Deficit
2018-10-18,MTU-1010,2411,High,Deficit
2018-10-25,BPT-5204,2560,Low,Surplus
2018-10-25,JGL-1798,2451,Low,Deficit
2018-10-25,IR-64,2243,Medium,Surplus
2018-10-25,Jyothi,2079,Medium,Surplus
2018-10-25,MTU-1010,2393,High,Normal
2018-11-01,BPT-5204,2291,High,Normal
2018-11-01,JGL-1798,2244,High,Deficit
2018-11-01,IR-64,2146,Low,Deficit
2018-11-01,Jyothi,1962,Low,Surplus
2018-11-01,MTU-1010,2175,Medium,Normal
2018-11-08,BPT-5204,2421,Low,Deficit
2018-11-08,JGL-1798,2133,Low,Surplus
2018-11-08,IR-64,2118,Low,Normal
2018-11-08,Jyothi,2092,Medium,Deficit
2018-11-08,MTU-1010,2208,Low,Normal
2018-11-15,BPT-5204,2283,High,Normal
2018-11-15,JGL-1798,2289,High,Deficit
2018-11-15,IR-64,2133,Medium,Deficit
2018-11-15,Jyothi,2079,High,Surplus
2018-11-15,MTU-1010,2355,High,Normal
2018-11-22,BPT-5204,2427,High,Surplus
2018-11-22,JGL-1798,2150,High,Normal
2018-11-22,IR-64,2014,Low,Surplus
2018-11-22,Jyothi,2096,Medium,Deficit
2018-11-22,MTU-1010,2307,Low,Surplus
2018-11-29,BPT-5204,2220,Medium,Normal
2018-11-29,JGL-1798,2252,Low,Surplus
2018-11-29,IR-64,2100,Low,Normal
2018-11-29,Jyothi,1951,Low,Deficit
2018-11-29,MTU-1010,2207,Low,Normal
2018-12-06,BPT-5204,2341,Medium,Normal
2018-12-06,JGL-1798,2115,Low,Normal
2018-12-06,IR-64,2168,Low,Normal
2018-12-06,Jyothi,2057,Medium,Deficit
2018-12-06,MTU-1010,2346,Medium,Surplus
2018-12-13,BPT-5204,2388,High,Normal
2018-12-13,JGL-1798,2287,Medium,Normal
2018-12-13,IR-64,2010,High,Normal
2018-12-13,Jyothi,2004,High,Deficit
2018-12-13,MTU-1010,2203,Low,Normal
2018-12-20,BPT-5204,2330,Medium,Surplus
2018-12-20,JGL-1798,2304,High,Deficit
2018-12-20,IR-64,2104,High,Normal
2018-12-20,Jyothi,2074,Low,Surplus
2018-12-20,MTU-1010,2218,Medium,Surplus
2018-12-27,BPT-5204,2214,Medium,Deficit
2018-12-27,JGL-1798,2317,High,Deficit
2018-12-27,IR-64,2151,Low,Deficit
2018-12-27,Jyothi,1943,Medium,Surplus
2018-12-27,MTU-1010,2220,Medium,Deficit
2019-01-03,BPT-5204,2442,Low,Deficit
2019-01-03,JGL-1798,2292,High,Normal
2019-01-03,IR-64,2245,High,Normal
2019-01-03,Jyothi,2124,Medium,Surplus
2019-01-03,MTU-1010,2450,Low,Deficit
2019-01-10,BPT-5204,2344,High,Surplus
2019-01-10,JGL-1798,2432,High,Surplus
2019-01-10,IR-64,2280,Medium,Normal
2019-01-10,Jyothi,2008,Low,Deficit
2019-01-10,MTU-1010,2279,Medium,Surplus
2019-01-17,BPT-5204,2495,Low,Deficit
2019-01-17,JGL-1798,2344,High,Surplus
2019-01-17,IR-64,2197,Medium,Surplus
2019-01-17,Jyothi,2150,Medium,Deficit
2019-01-17,MTU-1010,2303,High,Deficit
2019-01-24,BPT-5204,2402,Low,Surplus
2019-01-24,JGL-1798,2272,Low,Surplus
2019-01-24,IR-64,2295,High,Deficit
2019-01-24,Jyothi,2020,Low,Deficit
2019-01-24,MTU-1010,2287,High,Normal
2019-01-31,BPT-5204,2370,High,Normal
2019-01-31,JGL-1798,2211,Low,Surplus
2019-01-31,IR-64,2287,High,Deficit
2019-01-31,Jyothi,2030,Medium,Surplus
2019-01-31,MTU-1010,2279,Low,Surplus
2019-02-07,BPT-5204,2734,Low,Deficit
2019-02-07,JGL-1798,2593,High,Normal
2019-02-07,IR-64,2357,High,Surplus
2019-02-07,Jyothi,2341,High,Normal
2019-02-07,MTU-1010,2529,Low,Normal
2019-02-14,BPT-5204,2750,Low,Surplus
2019-02-14,JGL-1798,2643,High,Normal
2019-02-14,IR-64,2517,High,Deficit
2019-02-14,Jyothi,2374,Medium,Deficit
2019-02-14,MTU-1010,2542,Medium,Deficit
2019-02-21,BPT-5204,2718,Low,Deficit
2019-02-21,JGL-1798,2582,Low,Normal
2019-02-21,IR-64,2346,Low,Normal
2019-02-21,Jyothi,2245,Medium,Surplus
2019-02-21,MTU-1010,2564,Medium,Deficit
2019-02-28,BPT-5204,2709,High,Surplus
2019-02-28,JGL-1798,2417,Medium,Surplus
2019-02-28,IR-64,2424,High,Surplus
2019-02-28,Jyothi,2283,Low,Deficit
2019-02-28,MTU-1010,2602,Medium,Normal
2019-03-07,BPT-5204,2565,Medium,Deficit
2019-03-07,JGL-1798,2614,High,Surplus
2019-03-07,IR-64,2422,High,Surplus
2019-03-07,Jyothi,2371,Medium,Normal
2019-03-07,MTU-1010,2481,Low,Surplus
2019-03-14,BPT-5204,2735,Low,Surplus
2019-03-14,JGL-1798,2543,Medium,Normal
2019-03-14,IR-64,2314,Medium,Normal
2019-03-14,Jyothi,2334,High,Normal
2019-03-14,MTU-1010,2690,Medium,Normal
2019-03-21,BPT-5204,2676,Low,Normal
2019-03-21,JGL-1798,2474,High,Normal
2019-03-21,IR-64,2351,Medium,Deficit
2019-03-21,Jyothi,2220,Low,Deficit
2019-03-21,MTU-1010,2681,Medium,Normal
2019-03-28,BPT-5204,2586,Medium,Deficit
2019-03-28,JGL-1798,2541,Medium,Surplus
2019-03-28,IR-64,2335,Medium,Surplus
2019-03-28,Jyothi,2318,Low,Surplus
2019-03-28,MTU-1010,2587,Low,Surplus
2019-04-04,BPT-5204,2612,Medium,Surplus
2019-04-04,JGL-1798,2445,High,Normal
2019-04-04,IR-64,2499,High,Surplus
2019-04-04,Jyothi,2351,High,Surplus
2019-04-04,MTU-1010,2521,High,Surplus
2019-04-11,BPT-5204,2741,Medium,Normal
2019-04-11,JGL-1798,2529,Low,Deficit
2019-04-11,IR-64,2415,Low,Normal
2019-04-11,Jyothi,2221,Low,Normal
2019-04-11,MTU-1010,2664,Medium,Normal
2019-04-18,BPT-5204,2648,Medium,Normal
2019-04-18,JGL-1798,2500,High,Normal
2019-04-18,IR-64,2445,High,Surplus
2019-04-18,Jyothi,2302,High,Deficit
2019-04-18,MTU-1010,2463,High,Normal
2019-04-25,BPT-5204,2694,High,Normal
2019-04-25,JGL-1798,2638,High,Deficit
2019-04-25,IR-64,2399,Medium,Normal
2019-04-25,Jyothi,2259,High,Surplus
2019-04-25,MTU-1010,2554,High,Deficit
2019-05-02,BPT-5204,2529,High,Deficit
2019-05-02,JGL-1798,2504,Medium,Surplus
2019-05-02,IR-64,2363,Low,Surplus
2019-05-02,Jyothi,2341,Low,Deficit
2019-05-02,MTU-1010,2619,Medium,Surplus
2019-05-09,BPT-5204,2514,Medium,Deficit
2019-05-09,JGL-1798,2496,Low,Surplus
2019-05-09,IR-64,2316,Medium,Surplus
2019-05-09,Jyothi,2311,High,Deficit
2019-05-09,MTU-1010,2605,High,Normal
2019-05-16,BPT-5204,2646,Low,Normal
2019-05-16,JGL-1798,2410,Low,Normal
2019-05-16,IR-64,2482,Medium,Normal
2019-05-16,Jyothi,2321,Low,Normal
2019-05-16,MTU-1010,2469,Low,Deficit
2019-05-23,BPT-5204,2555,High,Surplus
2019-05-23,JGL-1798,2493,High,Normal
2019-05-23,IR-64,2441,High,Surplus
2019-05-23,Jyothi,2226,High,Surplus
2019-05-23,MTU-1010,2515,Low,Deficit
2019-05-30,BPT-5204,2565,Low,Deficit
2019-05-30,JGL-1798,2541,Medium,Normal
2019-05-30,IR-64,2472,Low,Normal
2019-05-30,Jyothi,2251,Medium,Normal
2019-05-30,MTU-1010,2603,Medium,Deficit
2019-06-06,BPT-5204,2827,Medium,Deficit
2019-06-06,JGL-1798,2665,Low,Surplus
2019-06-06,IR-64,2530,Medium,Surplus
2019-06-06,Jyothi,2497,Low,Deficit
2019-06-06,MTU-1010,2909,High,Surplus
2019-06-13,BPT-5204,2792,Medium,Normal
2019-06-13,JGL-1798,2723,Low,Normal
2019-06-13,IR-64,2486,High,Normal
2019-06-13,Jyothi,2375,Medium,Surplus
2019-06-13,MTU-1010,2710,Medium,Surplus
2019-06-20,BPT-5204,2858,Medium,Normal
2019-06-20,JGL-1798,2696,Low,Deficit
2019-06-20,IR-64,2718,Low,Surplus
2019-06-20,Jyothi,2514,High,Surplus
2019-06-20,MTU-1010,2668,Medium,Deficit
2019-06-27,BPT-5204,2773,Low,Normal
2019-06-27,JGL-1798,2666,Low,Normal
2019-06-27,IR-64,2574,High,Normal
2019-06-27,Jyothi,2347,Low,Normal
2019-06-27,MTU-1010,2806,Low,Normal
2019-07-04,BPT-5204,2961,High,Normal
2019-07-04,JGL-1798,2825,Medium,Deficit
2019-07-04,IR-64,2703,Medium,Deficit
2019-07-04,Jyothi,2393,High,Deficit
2019-07-04,MTU-1010,2801,Low,Deficit
2019-07-11,BPT-5204,2935,Low,Surplus
2019-07-11,JGL-1798,2662,Low,Normal
2019-07-11,IR-64,2719,Low,Deficit
2019-07-11,Jyothi,2470,High,Surplus
2019-07-11,MTU-1010,2774,Low,Deficit
2019-07-18,BPT-5204,2914,High,Deficit
2019-07-18,JGL-1798,2795,High,Normal
2019-07-18,IR-64,2682,Medium,Deficit
2019-07-18,Jyothi,2349,High,Normal
2019-07-18,MTU-1010,2891,High,Normal
2019-07-25,BPT-5204,2842,Low,Deficit
2019-07-25,JGL-1798,2804,Low,Surplus
2019-07-25,IR-64,2693,Low,Normal
2019-07-25,Jyothi,2565,High,Surplus
2019-07-25,MTU-1010,2848,Medium,Deficit
2019-08-01,BPT-5204,2939,Low,Deficit
2019-08-01,JGL-1798,2607,Low,Surplus
2019-08-01,IR-64,2703,Medium,Normal
2019-08-01,Jyothi,2543,High,Normal
2019-08-01,MTU-1010,2710,High,Normal
2019-08-08,BPT-5204,2798,Low,Surplus
2019-08-08,JGL-1798,2641,Low,Normal
2019-08-08,IR-64,2697,Low,Surplus
2019-08-08,Jyothi,2535,Medium,Deficit
2019-08-08,MTU-1010,2694,High,Deficit
2019-08-15,BPT-5204,2969,Medium,Deficit
2019-08-15,JGL-1798,2610,High,Surplus
2019-08-15,IR-64,2679,High,Surplus
2019-08-15,Jyothi,2458,Low,Deficit
2019-08-15,MTU-1010,2904,Medium,Surplus
2019-08-22,BPT-5204,2820,Low,Deficit
2019-08-22,JGL-1798,2595,High,Surplus
2019-08-22,IR-64,2561,Medium,Surplus
2019-08-22,Jyothi,2552,High,Deficit
2019-08-22,MTU-1010,2796,Medium,Deficit
2019-08-29,BPT-5204,2822,Low,Deficit
2019-08-29,JGL-1798,2613,Medium,Surplus
2019-08-29,IR-64,2658,Medium,Normal
2019-08-29,Jyothi,2575,High,Surplus
2019-08-29,MTU-1010,2675,Medium,Surplus
2019-09-05,BPT-5204,2659,Low,Normal
2019-09-05,JGL-1798,2526,Low,Normal
2019-09-05,IR-64,2301,Low,Surplus
2019-09-05,Jyothi,2271,Low,Deficit
2019-09-05,MTU-1010,2567,Low,Deficit
2019-09-12,BPT-5204,2616,Medium,Deficit
2019-09-12,JGL-1798,2456,Medium,Deficit
2019-09-12,IR-64,2320,Low,Surplus
2019-09-12,Jyothi,2330,Medium,Surplus
2019-09-12,MTU-1010,2655,Low,Normal
2019-09-19,BPT-5204,2715,Medium,Normal
2019-09-19,JGL-1798,2509,Low,Deficit
2019-09-19,IR-64,2314,Low,Deficit
2019-09-19,Jyothi,2214,High,Normal
2019-09-19,MTU-1010,2511,Medium,Surplus
2019-09-26,BPT-5204,2718,Low,Normal
2019-09-26,JGL-1798,2415,Low,Surplus
2019-09-26,IR-64,2383,High,Surplus
2019-09-26,Jyothi,2212,High,Normal
2019-09-26,MTU-1010,2687,Low,Surplus
2019-10-03,BPT-5204,2738,High,Surplus
2019-10-03,JGL-1798,2494,Medium,Normal
2019-10-03,IR-64,2485,High,Normal
2019-10-03,Jyothi,2370,High,Deficit
2019-10-03,MTU-1010,2514,Low,Surplus
2019-10-10,BPT-5204,2517,Low,Deficit
2019-10-10,JGL-1798,2619,Medium,Surplus
2019-10-10,IR-64,2451,Low,Normal
2019-10-10,Jyothi,2301,Low,Surplus
2019-10-10,MTU-1010,2714,Low,Surplus
2019-10-17,BPT-5204,2708,Medium,Normal
2019-10-17,JGL-1798,2400,High,Deficit
2019-10-17,IR-64,2292,Low,Normal
2019-10-17,Jyothi,2373,Low,Normal
2019-10-17,MTU-1010,2626,High,Deficit
2019-10-24,BPT-5204,2515,Medium,Deficit
2019-10-24,JGL-1798,2591,High,Normal
2019-10-24,IR-64,2389,Low,Surplus
2019-10-24,Jyothi,2275,High,Normal
2019-10-24,MTU-1010,2554,Medium,Normal
2019-10-31,BPT-5204,2727,High,Normal
2019-10-31,JGL-1798,2547,High,Normal
2019-10-31,IR-64,2491,Low,Normal
2019-10-31,Jyothi,2297,Medium,Deficit
2019-10-31,MTU-1010,2484,Medium,Deficit
2019-11-07,BPT-5204,2350,High,Surplus
2019-11-07,JGL-1798,2345,Low,Surplus
2019-11-07,IR-64,2153,Medium,Normal
2019-11-07,Jyothi,2079,Low,Deficit
2019-11-07,MTU-1010,2479,Low,Normal
2019-11-14,BPT-5204,2398,Low,Surplus
2019-11-14,JGL-1798,2414,Medium,Deficit
2019-11-14,IR-64,2281,Medium,Normal
2019-11-14,Jyothi,2027,Low,Surplus
2019-11-14,MTU-1010,2349,Medium,Deficit
2019-11-21,BPT-5204,2339,High,Deficit
2019-11-21,JGL-1798,2244,Low,Surplus
2019-11-21,IR-64,2280,High,Deficit
2019-11-21,Jyothi,2166,Medium,Deficit
2019-11-21,MTU-1010,2308,Low,Deficit
2019-11-28,BPT-5204,2376,High,Normal
2019-11-28,JGL-1798,2351,High,Surplus
2019-11-28,IR-64,2289,Low,Normal
2019-11-28,Jyothi,2049,High,Deficit
2019-11-28,MTU-1010,2402,Low,Surplus
2019-12-05,BPT-5204,2486,Low,Deficit
2019-12-05,JGL-1798,2211,Low,Surplus
2019-12-05,IR-64,2248,High,Deficit
2019-12-05,Jyothi,2176,High,Normal
2019-12-05,MTU-1010,2445,Low,Normal
2019-12-12,BPT-5204,2420,Medium,Deficit
2019-12-12,JGL-1798,2364,Low,Surplus
2019-12-12,IR-64,2252,High,Surplus
2019-12-12,Jyothi,2143,Low,Surplus
2019-12-12,MTU-1010,2435,Medium,Deficit
2019-12-19,BPT-5204,2548,Low,Surplus
2019-12-19,JGL-1798,2279,High,Surplus
2019-12-19,IR-64,2175,High,Surplus
2019-12-19,Jyothi,2173,High,Surplus
2019-12-19,MTU-1010,2342,High,Normal
2019-12-26,BPT-5204,2445,Medium,Surplus
2019-12-26,JGL-1798,2337,Low,Deficit
2019-12-26,IR-64,2217,Medium,Deficit
2019-12-26,Jyothi,2092,Medium,Normal
2019-12-26,MTU-1010,2433,Low,Surplus
2020-01-02,BPT-5204,2416,High,Deficit
2020-01-02,JGL-1798,2500,Low,Normal
2020-01-02,IR-64,2372,High,Surplus
2020-01-02,Jyothi,2270,Low,Normal
2020-01-02,MTU-1010,2460,Medium,Deficit
2020-01-09,BPT-5204,2425,Medium,Deficit
2020-01-09,JGL-1798,2461,Low,Surplus
2020-01-09,IR-64,2337,Medium,Deficit
2020-01-09,Jyothi,2260,Low,Normal
2020-01-09,MTU-1010,2433,High,Surplus
2020-01-16,BPT-5204,2459,Low,Deficit
2020-01-16,JGL-1798,2370,High,Normal
2020-01-16,IR-64,2315,Low,Surplus
2020-01-16,Jyothi,2084,Low,Normal
2020-01-16,MTU-1010,2485,Medium,Surplus
2020-01-23,BPT-5204,2517,Medium,Deficit
2020-01-23,JGL-1798,2368,Low,Surplus
2020-01-23,IR-64,2231,Medium,Normal
2020-01-23,Jyothi,2104,Low,Normal
2020-01-23,MTU-1010,2474,Low,Surplus
2020-01-30,BPT-5204,2453,Low,Surplus
2020-01-30,JGL-1798,2466,High,Surplus
2020-01-30,IR-64,2349,Medium,Deficit
2020-01-30,Jyothi,2168,High,Surplus
2020-01-30,MTU-1010,2508,Medium,Deficit
2020-02-06,BPT-5204,2773,Medium,Normal
2020-02-06,JGL-1798,2527,High,Deficit
2020-02-06,IR-64,2499,Low,Deficit
2020-02-06,Jyothi,2296,Low,Normal
2020-02-06,MTU-1010,2789,High,Surplus
2020-02-13,BPT-5204,2791,Medium,Normal
2020-02-13,JGL-1798,2666,Low,Deficit
2020-02-13,IR-64,2545,Low,Surplus
2020-02-13,Jyothi,2402,High,Surplus
2020-02-13,MTU-1010,2744,Medium,Deficit
2020-02-20,BPT-5204,2685,Medium,Deficit
2020-02-20,JGL-1798,2744,High,Surplus
2020-02-20,IR-64,2532,Low,Deficit
2020-02-20,Jyothi,2328,Low,Surplus
2020-02-20,MTU-1010,2672,High,Deficit
2020-02-27,BPT-5204,2874,High,Normal
2020-02-27,JGL-1798,2575,Medium,Surplus
2020-02-27,IR-64,2442,Low,Normal
2020-02-27,Jyothi,2377,Medium,Deficit
2020-02-27,MTU-1010,2594,Low,Surplus
2020-03-05,BPT-5204,2837,High,Normal
2020-03-05,JGL-1798,2508,Low,Surplus
2020-03-05,IR-64,2580,Medium,Normal
2020-03-05,Jyothi,2337,Medium,Surplus
2020-03-05,MTU-1010,2629,Medium,Deficit
2020-03-12,BPT-5204,2645,Low,Surplus
2020-03-12,JGL-1798,2656,Medium,Deficit
2020-03-12,IR-64,2473,Medium,Surplus
2020-03-12,Jyothi,2330,Medium,Normal
2020-03-12,MTU-1010,2681,Medium,Deficit
2020-03-19,BPT-5204,2668,Medium,Deficit
2020-03-19,JGL-1798,2558,Medium,Deficit
2020-03-19,IR-64,2430,High,Surplus
2020-03-19,Jyothi,2478,Low,Normal
2020-03-19,MTU-1010,2655,Low,Normal
2020-03-26,BPT-5204,2642,Low,Surplus
2020-03-26,JGL-1798,2718,Low,Normal
2020-03-26,IR-64,2524,Medium,Deficit
2020-03-26,Jyothi,2372,Low,Surplus
2020-03-26,MTU-1010,2586,Low,Normal
2020-04-02,BPT-5204,2657,Medium,Normal
2020-04-02,JGL-1798,2738,Low,Surplus
2020-04-02,IR-64,2620,High,Normal
2020-04-02,Jyothi,2366,Low,Normal
2020-04-02,MTU-1010,2757,High,Normal
2020-04-09,BPT-5204,2785,Medium,Surplus
2020-04-09,JGL-1798,2661,High,Normal
2020-04-09,IR-64,2593,Low,Surplus
2020-04-09,Jyothi,2295,Low,Deficit
2020-04-09,MTU-1010,2710,High,Deficit
2020-04-16,BPT-5204,2627,Low,Surplus
2020-04-16,JGL-1798,2656,Low,Deficit
2020-04-16,IR-64,2613,Medium,Surplus
2020-04-16,Jyothi,2302,Medium,Deficit
2020-04-16,MTU-1010,2593,Medium,Normal
2020-04-23,BPT-5204,2799,High,Normal
2020-04-23,JGL-1798,2526,Low,Surplus
2020-04-23,IR-64,2616,Low,Normal
2020-04-23,Jyothi,2305,Low,Deficit
2020-04-23,MTU-1010,2724,Low,Surplus
2020-04-30,BPT-5204,2682,Medium,Surplus
2020-04-30,JGL-1798,2734,Medium,Deficit
2020-04-30,IR-64,2456,Low,Surplus
2020-04-30,Jyothi,2373,Medium,Surplus
2020-04-30,MTU-1010,2810,Low,Surplus
2020-05-07,BPT-5204,2792,High,Deficit
2020-05-07,JGL-1798,2636,Low,Normal
2020-05-07,IR-64,2612,Medium,Surplus
2020-05-07,Jyothi,2285,Low,Normal
2020-05-07,MTU-1010,2743,Medium,Normal
2020-05-14,BPT-5204,2632,High,Surplus
2020-05-14,JGL-1798,2753,Medium,Surplus
2020-05-14,IR-64,2485,Low,Surplus
2020-05-14,Jyothi,2369,Medium,Deficit
2020-05-14,MTU-1010,2707,Medium,Surplus
2020-05-21,BPT-5204,2844,Medium,Surplus
2020-05-21,JGL-1798,2746,Low,Normal
2020-05-21,IR-64,2536,Medium,Normal
2020-05-21,Jyothi,2420,Low,Deficit
2020-05-21,MTU-1010,2785,Low,Surplus
2020-05-28,BPT-5204,2694,Low,Normal
2020-05-28,JGL-1798,2583,Low,Normal
2020-05-28,IR-64,2564,High,Deficit
2020-05-28,Jyothi,2352,High,Normal
2020-05-28,MTU-1010,2571,Medium,Deficit
2020-06-04,BPT-5204,3034,High,Surplus
2020-06-04,JGL-1798,2695,Low,Deficit
2020-06-04,IR-64,2726,Medium,Surplus
2020-06-04,Jyothi,2632,Medium,Deficit
2020-06-04,MTU-1010,2886,Low,Surplus
2020-06-11,BPT-5204,2835,Low,Deficit
2020-06-11,JGL-1798,2877,Medium,Normal
2020-06-11,IR-64,2608,Low,Normal
2020-06-11,Jyothi,2498,Low,Normal
2020-06-11,MTU-1010,2797,Medium,Surplus
2020-06-18,BPT-5204,2981,High,Normal
2020-06-18,JGL-1798,2928,Medium,Normal
2020-06-18,IR-64,2676,High,Deficit
2020-06-18,Jyothi,2516,Medium,Surplus
2020-06-18,MTU-1010,2882,Medium,Surplus
2020-06-25,BPT-5204,2886,High,Normal
2020-06-25,JGL-1798,2904,Low,Surplus
2020-06-25,IR-64,2785,Medium,Surplus
2020-06-25,Jyothi,2494,High,Surplus
2020-06-25,MTU-1010,2955,Low,Normal
2020-07-02,BPT-5204,3114,Medium,Deficit
2020-07-02,JGL-1798,2793,Medium,Normal
2020-07-02,IR-64,2819,Low,Deficit
2020-07-02,Jyothi,2566,High,Surplus
2020-07-02,MTU-1010,2976,Medium,Normal
2020-07-09,BPT-5204,2879,High,Surplus
2020-07-09,JGL-1798,2936,Medium,Deficit
2020-07-09,IR-64,2577,Medium,Normal
2020-07-09,Jyothi,2476,Medium,Surplus
2020-07-09,MTU-1010,2872,Medium,Surplus
2020-07-16,BPT-5204,3011,Low,Normal
2020-07-16,JGL-1798,2971,Medium,Deficit
2020-07-16,IR-64,2804,Medium,Surplus
2020-07-16,Jyothi,2481,Low,Normal
2020-07-16,MTU-1010,2837,Medium,Deficit
2020-07-23,BPT-5204,2965,High,Normal
2020-07-23,JGL-1798,2792,High,Normal
2020-07-23,IR-64,2588,High,Deficit
2020-07-23,Jyothi,2614,Medium,Surplus
2020-07-23,MTU-1010,3028,High,Normal
2020-07-30,BPT-5204,2950,Medium,Surplus
2020-07-30,JGL-1798,2792,Low,Normal
2020-07-30,IR-64,2761,High,Deficit
2020-07-30,Jyothi,2593,Low,Deficit
2020-07-30,MTU-1010,2817,High,Deficit
2020-08-06,BPT-5204,3114,High,Surplus
2020-08-06,JGL-1798,2710,Medium,Normal
2020-08-06,IR-64,2820,Low,Deficit
2020-08-06,Jyothi,2562,Low,Surplus
2020-08-06,MTU-1010,2779,Medium,Surplus
2020-08-13,BPT-5204,3084,Low,Deficit
2020-08-13,JGL-1798,2797,Medium,Surplus
2020-08-13,IR-64,2713,High,Normal
2020-08-13,Jyothi,2671,High,Normal
2020-08-13,MTU-1010,2923,High,Surplus
2020-08-20,BPT-5204,2921,High,Deficit
2020-08-20,JGL-1798,2823,Low,Deficit
2020-08-20,IR-64,2649,High,Deficit
2020-08-20,Jyothi,2558,Medium,Deficit
2020-08-20,MTU-1010,2967,Medium,Normal
2020-08-27,BPT-5204,2869,High,Deficit
2020-08-27,JGL-1798,2824,Low,Normal
2020-08-27,IR-64,2738,Low,Deficit
2020-08-27,Jyothi,2608,Medium,Normal
2020-08-27,MTU-1010,3037,Medium,Surplus
2020-09-03,BPT-5204,2790,Low,Normal
2020-09-03,JGL-1798,2518,High,Deficit
2020-09-03,IR-64,2551,High,Deficit
2020-09-03,Jyothi,2299,High,Normal
2020-09-03,MTU-1010,2586,High,Deficit
2020-09-10,BPT-5204,2666,Low,Normal
2020-09-10,JGL-1798,2659,Medium,Normal
2020-09-10,IR-64,2584,High,Deficit
2020-09-10,Jyothi,2271,Low,Surplus
2020-09-10,MTU-1010,2637,Low,Normal
2020-09-17,BPT-5204,2673,Medium,Normal
2020-09-17,JGL-1798,2526,Medium,Deficit
2020-09-17,IR-64,2591,Medium,Deficit
2020-09-17,Jyothi,2325,Low,Normal
2020-09-17,MTU-1010,2579,Medium,Surplus
2020-09-24,BPT-5204,2832,Medium,Normal
2020-09-24,JGL-1798,2618,Low,Normal
2020-09-24,IR-64,2396,High,Deficit
2020-09-24,Jyothi,2336,Low,Deficit
2020-09-24,MTU-1010,2724,Medium,Deficit
2020-10-01,BPT-5204,2763,High,Normal
2020-10-01,JGL-1798,2548,Low,Deficit
2020-10-01,IR-64,2379,Medium,Deficit
2020-10-01,Jyothi,2469,High,Surplus
2020-10-01,MTU-1010,2705,High,Surplus
2020-10-08,BPT-5204,2621,Medium,Deficit
2020-10-08,JGL-1798,2536,Medium,Normal
2020-10-08,IR-64,2609,Medium,Deficit
2020-10-08,Jyothi,2312,Low,Normal
2020-10-08,MTU-1010,2733,Low,Deficit
2020-10-15,BPT-5204,2620,Low,Deficit
2020-10-15,JGL-1798,2696,High,Surplus
2020-10-15,IR-64,2487,Medium,Deficit
2020-10-15,Jyothi,2407,Medium,Surplus
2020-10-15,MTU-1010,2690,High,Surplus
2020-10-22,BPT-5204,2723,Medium,Normal
2020-10-22,JGL-1798,2516,Medium,Surplus
2020-10-22,IR-64,2404,Medium,Surplus
2020-10-22,Jyothi,2397,High,Surplus
2020-10-22,MTU-1010,2755,Low,Surplus
2020-10-29,BPT-5204,2858,Medium,Surplus
2020-10-29,JGL-1798,2623,Low,Surplus
2020-10-29,IR-64,2458,Medium,Deficit
2020-10-29,Jyothi,2339,High,Deficit
2020-10-29,MTU-1010,2736,Medium,Deficit
2020-11-05,BPT-5204,2537,High,Normal
2020-11-05,JGL-1798,2325,Low,Surplus
2020-11-05,IR-64,2229,Medium,Surplus
2020-11-05,Jyothi,2222,Medium,Normal
2020-11-05,MTU-1010,2408,Medium,Normal
2020-11-12,BPT-5204,2619,High,Normal
2020-11-12,JGL-1798,2338,Medium,Normal
2020-11-12,IR-64,2324,Medium,Deficit
2020-11-12,Jyothi,2183,Medium,Deficit
2020-11-12,MTU-1010,2536,Medium,Surplus
2020-11-19,BPT-5204,2459,High,Surplus
2020-11-19,JGL-1798,2387,Medium,Surplus
2020-11-19,IR-64,2367,Medium,Deficit
2020-11-19,Jyothi,2159,Medium,Surplus
2020-11-19,MTU-1010,2587,Low,Surplus
2020-11-26,BPT-5204,2576,Low,Surplus
2020-11-26,JGL-1798,2474,Low,Deficit
2020-11-26,IR-64,2228,Medium,Deficit
2020-11-26,Jyothi,2115,Low,Normal
2020-11-26,MTU-1010,2534,High,Surplus
2020-12-03,BPT-5204,2598,Medium,Normal
2020-12-03,JGL-1798,2324,Low,Surplus
2020-12-03,IR-64,2410,Low,Normal
2020-12-03,Jyothi,2229,Medium,Deficit
2020-12-03,MTU-1010,2490,High,Deficit
2020-12-10,BPT-5204,2570,Medium,Deficit
2020-12-10,JGL-1798,2437,High,Deficit
2020-12-10,IR-64,2197,High,Surplus
2020-12-10,Jyothi,2157,High,Normal
2020-12-10,MTU-1010,2600,High,Surplus
2020-12-17,BPT-5204,2468,Medium,Surplus
2020-12-17,JGL-1798,2445,Medium,Surplus
2020-12-17,IR-64,2334,Low,Normal
2020-12-17,Jyothi,2226,Medium,Deficit
2020-12-17,MTU-1010,2602,Low,Surplus
2020-12-24,BPT-5204,2468,Medium,Deficit
2020-12-24,JGL-1798,2440,High,Surplus
2020-12-24,IR-64,2264,Medium,Deficit
2020-12-24,Jyothi,2084,High,Deficit
2020-12-24,MTU-1010,2538,Low,Surplus
2020-12-31,BPT-5204,2446,Medium,Surplus
2020-12-31,JGL-1798,2314,High,Surplus
2020-12-31,IR-64,2191,Low,Normal
2020-12-31,Jyothi,2244,Low,Deficit
2020-12-31,MTU-1010,2525,Low,Deficit
2021-01-07,BPT-5204,2587,Medium,Deficit
2021-01-07,JGL-1798,2430,Low,Normal
2021-01-07,IR-64,2460,Medium,Deficit
2021-01-07,Jyothi,2181,Medium,Normal
2021-01-07,MTU-1010,2694,High,Surplus
2021-01-14,BPT-5204,2582,High,Surplus
2021-01-14,JGL-1798,2427,High,Surplus
2021-01-14,IR-64,2288,High,Normal
2021-01-14,Jyothi,2374,Low,Normal
2021-01-14,MTU-1010,2590,Medium,Surplus
2021-01-21,BPT-5204,2660,Low,Normal
2021-01-21,JGL-1798,2628,Low,Normal
2021-01-21,IR-64,2323,Low,Normal
2021-01-21,Jyothi,2173,High,Deficit
2021-01-21,MTU-1010,2680,Low,Normal
2021-01-28,BPT-5204,2594,High,Surplus
2021-01-28,JGL-1798,2621,Low,Normal
2021-01-28,IR-64,2298,Low,Surplus
2021-01-28,Jyothi,2230,High,Deficit
2021-01-28,MTU-1010,2560,Low,Normal
2021-02-04,BPT-5204,2773,Medium,Normal
2021-02-04,JGL-1798,2703,High,Surplus
2021-02-04,IR-64,2471,High,Deficit
2021-02-04,Jyothi,2449,High,Surplus
2021-02-04,MTU-1010,2702,High,Surplus
2021-02-11,BPT-5204,2910,Medium,Normal
2021-02-11,JGL-1798,2619,Low,Deficit
2021-02-11,IR-64,2645,Low,Deficit
2021-02-11,Jyothi,2576,High,Normal
2021-02-11,MTU-1010,2825,High,Surplus
2021-02-18,BPT-5204,2890,Medium,Deficit
2021-02-18,JGL-1798,2761,Low,Surplus
2021-02-18,IR-64,2574,Low,Deficit
2021-02-18,Jyothi,2584,Low,Surplus
2021-02-18,MTU-1010,2803,High,Deficit
2021-02-25,BPT-5204,2892,Medium,Deficit
2021-02-25,JGL-1798,2643,Medium,Deficit
2021-02-25,IR-64,2671,Medium,Normal
2021-02-25,Jyothi,2539,Medium,Deficit
2021-02-25,MTU-1010,2779,High,Deficit
2021-03-04,BPT-5204,2921,High,Deficit
2021-03-04,JGL-1798,2717,High,Surplus
2021-03-04,IR-64,2580,Low,Surplus
2021-03-04,Jyothi,2424,Medium,Normal
2021-03-04,MTU-1010,2799,Low,Normal
2021-03-11,BPT-5204,2912,High,Deficit
2021-03-11,JGL-1798,2856,Low,Normal
2021-03-11,IR-64,2564,High,Normal
2021-03-11,Jyothi,2578,Medium,Deficit
2021-03-11,MTU-1010,2931,Low,Deficit
2021-03-18,BPT-5204,2828,High,Normal
2021-03-18,JGL-1798,2637,Medium,Deficit
2021-03-18,IR-64,2534,Medium,Surplus
2021-03-18,Jyothi,2518,Low,Deficit
2021-03-18,MTU-1010,2749,High,Deficit
2021-03-25,BPT-5204,2983,Low,Normal
2021-03-25,JGL-1798,2609,Low,Normal
2021-03-25,IR-64,2601,High,Surplus
2021-03-25,Jyothi,2382,Medium,Normal
2021-03-25,MTU-1010,2740,Low,Surplus
2021-04-01,BPT-5204,2761,Medium,Normal
2021-04-01,JGL-1798,2634,High,Normal
2021-04-01,IR-64,2725,Low,Surplus
2021-04-01,Jyothi,2359,High,Deficit
2021-04-01,MTU-1010,2767,Medium,Normal
2021-04-08,BPT-5204,2753,High,Deficit
2021-04-08,JGL-1798,2600,Medium,Deficit
2021-04-08,IR-64,2574,Low,Deficit
2021-04-08,Jyothi,2574,Medium,Surplus
2021-04-08,MTU-1010,2694,Medium,Deficit
2021-04-15,BPT-5204,2990,High,Normal
2021-04-15,JGL-1798,2636,Medium,Normal
2021-04-15,IR-64,2645,Medium,Deficit
2021-04-15,Jyothi,2377,High,Normal
2021-04-15,MTU-1010,2738,Low,Surplus
2021-04-22,BPT-5204,2950,Low,Normal
2021-04-22,JGL-1798,2847,Medium,Normal
2021-04-22,IR-64,2486,Medium,Surplus
2021-04-22,Jyothi,2457,Low,Surplus
2021-04-22,MTU-1010,2686,High,Surplus
2021-04-29,BPT-5204,2797,High,Normal
2021-04-29,JGL-1798,2785,Medium,Deficit
2021-04-29,IR-64,2491,High,Deficit
2021-04-29,Jyothi,2470,High,Deficit
2021-04-29,MTU-1010,2783,Medium,Surplus
2021-05-06,BPT-5204,2978,High,Surplus
2021-05-06,JGL-1798,2672,Medium,Normal
2021-05-06,IR-64,2729,Medium,Surplus
2021-05-06,Jyothi,2534,Medium,Normal
2021-05-06,MTU-1010,2679,Low,Surplus
2021-05-13,BPT-5204,2754,Low,Deficit
2021-05-13,JGL-1798,2595,Low,Deficit
2021-05-13,IR-64,2598,High,Deficit
2021-05-13,Jyothi,2497,Medium,Surplus
2021-05-13,MTU-1010,2681,Medium,Surplus
2021-05-20,BPT-5204,2796,Medium,Deficit
2021-05-20,JGL-1798,2644,Low,Surplus
2021-05-20,IR-64,2491,Medium,Normal
2021-05-20,Jyothi,2535,Medium,Surplus
2021-05-20,MTU-1010,2833,High,Normal
2021-05-27,BPT-5204,2727,High,Surplus
2021-05-27,JGL-1798,2794,Low,Normal
2021-05-27,IR-64,2615,High,Normal
2021-05-27,Jyothi,2470,High,Surplus
2021-05-27,MTU-1010,2854,High,Surplus
2021-06-03,BPT-5204,3216,Medium,Surplus
2021-06-03,JGL-1798,2964,Medium,Normal
2021-06-03,IR-64,2901,Medium,Deficit
2021-06-03,Jyothi,2739,Low,Surplus
2021-06-03,MTU-1010,3083,Low,Deficit
2021-06-10,BPT-5204,3056,Medium,Deficit
2021-06-10,JGL-1798,2926,Low,Deficit
2021-06-10,IR-64,2806,Low,Surplus
2021-06-10,Jyothi,2780,High,Surplus
2021-06-10,MTU-1010,2982,Low,Surplus
2021-06-17,BPT-5204,3124,High,Normal
2021-06-17,JGL-1798,2860,Medium,Deficit
2021-06-17,IR-64,2894,Low,Surplus
2021-06-17,Jyothi,2542,Low,Normal
2021-06-17,MTU-1010,3114,High,Surplus
2021-06-24,BPT-5204,3018,Medium,Normal
2021-06-24,JGL-1798,2816,High,Deficit
2021-06-24,IR-64,2784,High,Deficit
2021-06-24,Jyothi,2702,High,Surplus
2021-06-24,MTU-1010,3053,Low,Deficit
2021-07-01,BPT-5204,2985,Low,Deficit
2021-07-01,JGL-1798,2940,High,Deficit
2021-07-01,IR-64,2888,Low,Normal
2021-07-01,Jyothi,2732,Medium,Surplus
2021-07-01,MTU-1010,3019,High,Surplus
2021-07-08,BPT-5204,2966,Medium,Deficit
2021-07-08,JGL-1798,2895,Medium,Normal
2021-07-08,IR-64,2699,Low,Deficit
2021-07-08,Jyothi,2765,Medium,Deficit
2021-07-08,MTU-1010,2956,Medium,Surplus
2021-07-15,BPT-5204,3161,Medium,Normal
2021-07-15,JGL-1798,2926,Low,Deficit
2021-07-15,IR-64,2731,Medium,Deficit
2021-07-15,Jyothi,2603,High,Deficit
2021-07-15,MTU-1010,3108,High,Normal
2021-07-22,BPT-5204,3164,Low,Deficit
2021-07-22,JGL-1798,3070,Low,Surplus
2021-07-22,IR-64,2908,Low,Deficit
2021-07-22,Jyothi,2605,High,Deficit
2021-07-22,MTU-1010,3162,High,Normal
2021-07-29,BPT-5204,3119,Low,Surplus
2021-07-29,JGL-1798,2961,High,Surplus
2021-07-29,IR-64,2921,High,Normal
2021-07-29,Jyothi,2795,High,Deficit
2021-07-29,MTU-1010,3165,High,Normal
2021-08-05,BPT-5204,3217,Medium,Normal
2021-08-05,JGL-1798,2863,Medium,Deficit
2021-08-05,IR-64,2730,Low,Surplus
2021-08-05,Jyothi,2681,Medium,Normal
2021-08-05,MTU-1010,3015,Medium,Surplus
2021-08-12,BPT-5204,3036,High,Deficit
2021-08-12,JGL-1798,3082,High,Deficit
2021-08-12,IR-64,2811,High,Surplus
2021-08-12,Jyothi,2540,High,Deficit
2021-08-12,MTU-1010,2885,Medium,Deficit
2021-08-19,BPT-5204,3117,Medium,Normal
2021-08-19,JGL-1798,3031,High,Deficit
2021-08-19,IR-64,2928,High,Surplus
2021-08-19,Jyothi,2764,Medium,Normal
2021-08-19,MTU-1010,2886,Medium,Surplus
2021-08-26,BPT-5204,3214,Low,Normal
2021-08-26,JGL-1798,3031,Low,Normal
2021-08-26,IR-64,2875,High,Normal
2021-08-26,Jyothi,2595,Medium,Surplus
2021-08-26,MTU-1010,3145,Medium,Surplus
2021-09-02,BPT-5204,2827,High,Deficit
2021-09-02,JGL-1798,2618,Low,Normal
2021-09-02,IR-64,2647,Medium,Surplus
2021-09-02,Jyothi,2365,Low,Normal
2021-09-02,MTU-1010,2690,Low,Surplus
2021-09-09,BPT-5204,2863,Medium,Deficit
2021-09-09,JGL-1798,2794,Low,Surplus
2021-09-09,IR-64,2483,Medium,Surplus
2021-09-09,Jyothi,2364,High,Deficit
2021-09-09,MTU-1010,2692,Medium,Normal
2021-09-16,BPT-5204,2894,Medium,Normal
2021-09-16,JGL-1798,2856,High,Deficit
2021-09-16,IR-64,2515,Low,Normal
2021-09-16,Jyothi,2535,High,Normal
2021-09-16,MTU-1010,2792,Medium,Surplus
2021-09-23,BPT-5204,2834,Low,Surplus
2021-09-23,JGL-1798,2621,Medium,Surplus
2021-09-23,IR-64,2617,High,Deficit
2021-09-23,Jyothi,2471,Medium,Normal
2021-09-23,MTU-1010,2766,High,Normal
2021-09-30,BPT-5204,2803,High,Deficit
2021-09-30,JGL-1798,2679,High,Deficit
2021-09-30,IR-64,2645,Low,Deficit
2021-09-30,Jyothi,2497,High,Deficit
2021-09-30,MTU-1010,2695,Medium,Surplus
2021-10-07,BPT-5204,2818,Low,Deficit
2021-10-07,JGL-1798,2766,High,Normal
2021-10-07,IR-64,2594,Medium,Deficit
2021-10-07,Jyothi,2557,Low,Deficit
2021-10-07,MTU-1010,2677,High,Deficit
2021-10-14,BPT-5204,2730,Low,Normal
2021-10-14,JGL-1798,2844,High,Deficit
2021-10-14,IR-64,2579,Medium,Deficit
2021-10-14,Jyothi,2375,High,Normal
2021-10-14,MTU-1010,2879,High,Normal
2021-10-21,BPT-5204,2873,Low,Normal
2021-10-21,JGL-1798,2709,High,Surplus
2021-10-21,IR-64,2500,High,Deficit
2021-10-21,Jyothi,2446,Medium,Normal
2021-10-21,MTU-1010,2733,Low,Surplus
2021-10-28,BPT-5204,2782,Low,Deficit
2021-10-28,JGL-1798,2828,Medium,Surplus
2021-10-28,IR-64,2579,Low,Surplus
2021-10-28,Jyothi,2400,Low,Surplus
2021-10-28,MTU-1010,2888,High,Normal
2021-11-04,BPT-5204,2571,High,Surplus
2021-11-04,JGL-1798,2603,Low,Deficit
2021-11-04,IR-64,2346,Low,Normal
2021-11-04,Jyothi,2220,High,Deficit
2021-11-04,MTU-1010,2588,Low,Surplus
2021-11-11,BPT-5204,2627,Low,Surplus
2021-11-11,JGL-1798,2627,Low,Normal
2021-11-11,IR-64,2319,High,Surplus
2021-11-11,Jyothi,2369,High,Deficit
2021-11-11,MTU-1010,2545,Low,Surplus
2021-11-18,BPT-5204,2537,High,Surplus
2021-11-18,JGL-1798,2410,Low,Surplus
2021-11-18,IR-64,2419,Low,Normal
2021-11-18,Jyothi,2265,Low,Deficit
2021-11-18,MTU-1010,2496,Medium,Normal
2021-11-25,BPT-5204,2745,Low,Surplus
2021-11-25,JGL-1798,2601,Low,Deficit
2021-11-25,IR-64,2390,Low,Normal
2021-11-25,Jyothi,2167,Low,Normal
2021-11-25,MTU-1010,2587,Medium,Deficit
2021-12-02,BPT-5204,2560,High,Surplus
2021-12-02,JGL-1798,2594,Low,Deficit
2021-12-02,IR-64,2398,Medium,Normal
2021-12-02,Jyothi,2336,Medium,Deficit
2021-12-02,MTU-1010,2646,High,Normal
2021-12-09,BPT-5204,2728,Low,Normal
2021-12-09,JGL-1798,2583,Medium,Normal
2021-12-09,IR-64,2370,Low,Deficit
2021-12-09,Jyothi,2256,Low,Normal
2021-12-09,MTU-1010,2550,Medium,Surplus
2021-12-16,BPT-5204,2706,Medium,Deficit
2021-12-16,JGL-1798,2439,High,Normal
2021-12-16,IR-64,2434,Low,Normal
2021-12-16,Jyothi,2173,Medium,Normal
2021-12-16,MTU-1010,2697,High,Deficit
2021-12-23,BPT-5204,2503,High,Normal
2021-12-23,JGL-1798,2421,Medium,Normal
2021-12-23,IR-64,2474,High,Normal
2021-12-23,Jyothi,2293,Low,Surplus
2021-12-23,MTU-1010,2663,Medium,Surplus
2021-12-30,BPT-5204,2651,High,Deficit
2021-12-30,JGL-1798,2531,Low,Normal
2021-12-30,IR-64,2506,High,Deficit
2021-12-30,Jyothi,2265,High,Normal
2021-12-30,MTU-1010,2687,High,Deficit
2022-01-06,BPT-5204,2614,High,Surplus
2022-01-06,JGL-1798,2560,Low,Normal
2022-01-06,IR-64,2474,Low,Surplus
2022-01-06,Jyothi,2400,High,Surplus
2022-01-06,MTU-1010,2631,Medium,Normal
2022-01-13,BPT-5204,2733,High,Surplus
2022-01-13,JGL-1798,2568,Medium,Surplus
2022-01-13,IR-64,2376,Medium,Normal
2022-01-13,Jyothi,2452,High,Deficit
2022-01-13,MTU-1010,2566,Low,Surplus
2022-01-20,BPT-5204,2656,Medium,Surplus
2022-01-20,JGL-1798,2504,Low,Normal
2022-01-20,IR-64,2585,Medium,Deficit
2022-01-20,Jyothi,2446,Low,Normal
2022-01-20,MTU-1010,2800,Low,Surplus
2022-01-27,BPT-5204,2599,Low,Surplus
2022-01-27,JGL-1798,2592,Low,Normal
2022-01-27,IR-64,2574,Medium,Deficit
2022-01-27,Jyothi,2442,High,Deficit
2022-01-27,MTU-1010,2602,High,Surplus
2022-02-03,BPT-5204,2871,Low,Deficit
2022-02-03,JGL-1798,2763,Low,Deficit
2022-02-03,IR-64,2751,Medium,Deficit
2022-02-03,Jyothi,2632,High,Deficit
2022-02-03,MTU-1010,2957,Medium,Normal
2022-02-10,BPT-5204,3028,Low,Normal
2022-02-10,JGL-1798,2930,Low,Normal
2022-02-10,IR-64,2743,High,Deficit
2022-02-10,Jyothi,2623,High,Deficit
2022-02-10,MTU-1010,2991,Low,Surplus
2022-02-17,BPT-5204,2865,High,Deficit
2022-02-17,JGL-1798,2869,Medium,Surplus
2022-02-17,IR-64,2807,Low,Deficit
2022-02-17,Jyothi,2537,High,Surplus
2022-02-17,MTU-1010,2833,Medium,Normal
2022-02-24,BPT-5204,2914,High,Normal
2022-02-24,JGL-1798,2910,Low,Deficit
2022-02-24,IR-64,2724,High,Normal
2022-02-24,Jyothi,2491,Medium,Deficit
2022-02-24,MTU-1010,3039,Medium,Deficit
2022-03-03,BPT-5204,3105,Low,Surplus
2022-03-03,JGL-1798,2947,Medium,Deficit
2022-03-03,IR-64,2662,High,Surplus
2022-03-03,Jyothi,2529,Low,Deficit
2022-03-03,MTU-1010,3012,Low,Surplus
2022-03-10,BPT-5204,3077,Low,Surplus
2022-03-10,JGL-1798,2817,High,Surplus
2022-03-10,IR-64,2719,Low,Surplus
2022-03-10,Jyothi,2553,Medium,Surplus
2022-03-10,MTU-1010,2790,High,Normal
2022-03-17,BPT-5204,2887,Low,Deficit
2022-03-17,JGL-1798,2931,Medium,Surplus
2022-03-17,IR-64,2742,High,Normal
2022-03-17,Jyothi,2640,High,Normal
2022-03-17,MTU-1010,2886,Low,Surplus
2022-03-24,BPT-5204,3035,Medium,Normal
2022-03-24,JGL-1798,2875,Medium,Normal
2022-03-24,IR-64,2674,Low,Surplus
2022-03-24,Jyothi,2621,Medium,Normal
2022-03-24,MTU-1010,2904,Medium,Normal
2022-03-31,BPT-5204,2862,High,Normal
2022-03-31,JGL-1798,2827,High,Deficit
2022-03-31,IR-64,2650,Low,Surplus
2022-03-31,Jyothi,2597,Low,Normal
2022-03-31,MTU-1010,2905,Medium,Normal
2022-04-07,BPT-5204,2870,High,Deficit
2022-04-07,JGL-1798,2920,Medium,Normal
2022-04-07,IR-64,2780,High,Deficit
2022-04-07,Jyothi,2470,High,Normal
2022-04-07,MTU-1010,2890,Medium,Normal
2022-04-14,BPT-5204,2938,High,Deficit
2022-04-14,JGL-1798,2816,Medium,Deficit
2022-04-14,IR-64,2580,Low,Normal
2022-04-14,Jyothi,2593,Low,Deficit
2022-04-14,MTU-1010,2824,Low,Surplus
2022-04-21,BPT-5204,3061,High,Normal
2022-04-21,JGL-1798,2769,Low,Normal
2022-04-21,IR-64,2670,High,Deficit
2022-04-21,Jyothi,2479,Low,Deficit
2022-04-21,MTU-1010,2839,High,Deficit
2022-04-28,BPT-5204,3023,Low,Deficit
2022-04-28,JGL-1798,2860,Medium,Deficit
2022-04-28,IR-64,2654,Low,Normal
2022-04-28,Jyothi,2510,Low,Deficit
2022-04-28,MTU-1010,2965,High,Normal
2022-05-05,BPT-5204,2870,Low,Normal
2022-05-05,JGL-1798,2835,Medium,Normal
2022-05-05,IR-64,2618,Medium,Normal
2022-05-05,Jyothi,2640,Low,Deficit
2022-05-05,MTU-1010,3035,High,Normal
2022-05-12,BPT-5204,2822,Low,Normal
2022-05-12,JGL-1798,2753,High,Deficit
2022-05-12,IR-64,2799,Medium,Surplus
2022-05-12,Jyothi,2603,Medium,Surplus
2022-05-12,MTU-1010,2980,High,Surplus
2022-05-19,BPT-5204,2859,Medium,Surplus
2022-05-19,JGL-1798,2731,Medium,Surplus
2022-05-19,IR-64,2620,Low,Deficit
2022-05-19,Jyothi,2546,High,Normal
2022-05-19,MTU-1010,2984,Low,Normal
2022-05-26,BPT-5204,2902,Medium,Surplus
2022-05-26,JGL-1798,2708,Medium,Deficit
2022-05-26,IR-64,2719,High,Surplus
2022-05-26,Jyothi,2618,Low,Deficit
2022-05-26,MTU-1010,2930,High,Normal
2022-06-02,BPT-5204,3113,Medium,Surplus
2022-06-02,JGL-1798,3175,Low,Deficit
2022-06-02,IR-64,2937,High,Surplus
2022-06-02,Jyothi,2737,Medium,Surplus
2022-06-02,MTU-1010,3160,Medium,Surplus
2022-06-09,BPT-5204,3305,Low,Surplus
2022-06-09,JGL-1798,3007,Low,Deficit
2022-06-09,IR-64,3045,Low,Deficit
2022-06-09,Jyothi,2808,Medium,Normal
2022-06-09,MTU-1010,3116,Low,Normal
2022-06-16,BPT-5204,3106,Medium,Deficit
2022-06-16,JGL-1798,3068,High,Surplus
2022-06-16,IR-64,2842,Medium,Normal
2022-06-16,Jyothi,2907,Medium,Normal
2022-06-16,MTU-1010,3105,Medium,Deficit
2022-06-23,BPT-5204,3075,High,Deficit
2022-06-23,JGL-1798,3201,Medium,Surplus
2022-06-23,IR-64,3009,Low,Normal
2022-06-23,Jyothi,2899,Low,Surplus
2022-06-23,MTU-1010,3103,High,Normal
2022-06-30,BPT-5204,3156,Low,Normal
2022-06-30,JGL-1798,3189,High,Normal
2022-06-30,IR-64,3023,High,Normal
2022-06-30,Jyothi,2681,High,Deficit
2022-06-30,MTU-1010,3261,Medium,Normal
2022-07-07,BPT-5204,3309,Low,Deficit
2022-07-07,JGL-1798,3175,Low,Surplus
2022-07-07,IR-64,2998,High,Normal
2022-07-07,Jyothi,2860,High,Normal
2022-07-07,MTU-1010,3293,Low,Deficit
2022-07-14,BPT-5204,3267,Medium,Surplus
2022-07-14,JGL-1798,2948,Medium,Surplus
2022-07-14,IR-64,2937,High,Deficit
2022-07-14,Jyothi,2756,Medium,Deficit
2022-07-14,MTU-1010,3301,High,Surplus
2022-07-21,BPT-5204,3075,Low,Deficit
2022-07-21,JGL-1798,2931,High,Normal
2022-07-21,IR-64,2822,Medium,Normal
2022-07-21,Jyothi,2758,Medium,Surplus
2022-07-21,MTU-1010,3250,Medium,Deficit
2022-07-28,BPT-5204,3144,Low,Deficit
2022-07-28,JGL-1798,3180,Low,Deficit
2022-07-28,IR-64,3019,Medium,Deficit
2022-07-28,Jyothi,2752,Medium,Deficit
2022-07-28,MTU-1010,3287,Low,Deficit
2022-08-04,BPT-5204,3077,Low,Normal
2022-08-04,JGL-1798,3074,Low,Surplus
2022-08-04,IR-64,2912,Medium,Normal
2022-08-04,Jyothi,2649,High,Deficit
2022-08-04,MTU-1010,3093,Low,Surplus
2022-08-11,BPT-5204,3294,Medium,Surplus
2022-08-11,JGL-1798,3170,Low,Surplus
2022-08-11,IR-64,3039,Medium,Normal
2022-08-11,Jyothi,2816,Medium,Normal
2022-08-11,MTU-1010,3227,Low,Deficit
2022-08-18,BPT-5204,3217,Medium,Deficit
2022-08-18,JGL-1798,3065,High,Normal
2022-08-18,IR-64,2934,Low,Deficit
2022-08-18,Jyothi,2745,Medium,Normal
2022-08-18,MTU-1010,3081,Medium,Deficit
2022-08-25,BPT-5204,3101,Low,Normal
2022-08-25,JGL-1798,3057,High,Deficit
2022-08-25,IR-64,3054,Low,Normal
2022-08-25,Jyothi,2669,Medium,Deficit
2022-08-25,MTU-1010,3247,Medium,Surplus
2022-09-01,BPT-5204,3043,Low,Normal
2022-09-01,JGL-1798,2896,Medium,Surplus
2022-09-01,IR-64,2689,Medium,Surplus
2022-09-01,Jyothi,2693,High,Surplus
2022-09-01,MTU-1010,2912,Medium,Normal
2022-09-08,BPT-5204,3059,High,Deficit
2022-09-08,JGL-1798,2749,Low,Normal
2022-09-08,IR-64,2722,Low,Deficit
2022-09-08,Jyothi,2574,Low,Normal
2022-09-08,MTU-1010,2803,Medium,Surplus
2022-09-15,BPT-5204,3027,Low,Normal
2022-09-15,JGL-1798,2767,Low,Normal
2022-09-15,IR-64,2671,Low,Normal
2022-09-15,Jyothi,2666,Medium,Surplus
2022-09-15,MTU-1010,3013,Medium,Deficit
2022-09-22,BPT-5204,3107,Medium,Normal
2022-09-22,JGL-1798,2958,Low,Surplus
2022-09-22,IR-64,2701,Medium,Normal
2022-09-22,Jyothi,2513,Medium,Surplus
2022-09-22,MTU-1010,2968,Low,Deficit
2022-09-29,BPT-5204,2873,High,Normal
2022-09-29,JGL-1798,2872,Medium,Surplus
2022-09-29,IR-64,2687,Medium,Surplus
2022-09-29,Jyothi,2581,High,Normal
2022-09-29,MTU-1010,2862,Low,Normal
2022-10-06,BPT-5204,2964,High,Normal
2022-10-06,JGL-1798,2796,High,Normal
2022-10-06,IR-64,2786,Low,Surplus
2022-10-06,Jyothi,2474,Medium,Deficit
2022-10-06,MTU-1010,3023,Low,Surplus
2022-10-13,BPT-5204,2987,High,Deficit
2022-10-13,JGL-1798,2862,Medium,Surplus
2022-10-13,IR-64,2638,Medium,Normal
2022-10-13,Jyothi,2644,High,Deficit
2022-10-13,MTU-1010,2915,High,Deficit
2022-10-20,BPT-5204,3019,High,Deficit
2022-10-20,JGL-1798,2831,High,Surplus
2022-10-20,IR-64,2749,High,Surplus
2022-10-20,Jyothi,2622,Medium,Surplus
2022-10-20,MTU-1010,3015,High,Surplus
2022-10-27,BPT-5204,2925,Low,Surplus
2022-10-27,JGL-1798,2885,High,Deficit
2022-10-27,IR-64,2790,High,Deficit
2022-10-27,Jyothi,2559,Low,Normal
2022-10-27,MTU-1010,2830,High,Deficit
2022-11-03,BPT-5204,2778,Medium,Surplus
2022-11-03,JGL-1798,2510,Low,Deficit
2022-11-03,IR-64,2505,High,Normal
2022-11-03,Jyothi,2437,Medium,Deficit
2022-11-03,MTU-1010,2808,High,Deficit
2022-11-10,BPT-5204,2796,Low,Deficit
2022-11-10,JGL-1798,2662,High,Deficit
2022-11-10,IR-64,2403,High,Deficit
2022-11-10,Jyothi,2452,Medium,Surplus
2022-11-10,MTU-1010,2656,Medium,Deficit
2022-11-17,BPT-5204,2711,High,Normal
2022-11-17,JGL-1798,2671,Medium,Normal
2022-11-17,IR-64,2575,Low,Normal
2022-11-17,Jyothi,2245,High,Deficit
2022-11-17,MTU-1010,2729,High,Deficit
2022-11-24,BPT-5204,2717,Low,Deficit
2022-11-24,JGL-1798,2620,High,Normal
2022-11-24,IR-64,2456,High,Normal
2022-11-24,Jyothi,2387,Medium,Surplus
2022-11-24,MTU-1010,2639,Medium,Normal
2022-12-01,BPT-5204,2680,High,Surplus
2022-12-01,JGL-1798,2581,High,Surplus
2022-12-01,IR-64,2593,High,Deficit
2022-12-01,Jyothi,2320,High,Normal
2022-12-01,MTU-1010,2692,Medium,Deficit
2022-12-08,BPT-5204,2612,Low,Deficit
2022-12-08,JGL-1798,2615,High,Surplus
2022-12-08,IR-64,2474,Medium,Surplus
2022-12-08,Jyothi,2477,Low,Deficit
2022-12-08,MTU-1010,2798,Low,Deficit
2022-12-15,BPT-5204,2812,Medium,Normal
2022-12-15,JGL-1798,2534,Medium,Normal
2022-12-15,IR-64,2507,Low,Surplus
2022-12-15,Jyothi,2426,High,Deficit
2022-12-15,MTU-1010,2794,Low,Normal
2022-12-22,BPT-5204,2679,High,Surplus
2022-12-22,JGL-1798,2691,High,Deficit
2022-12-22,IR-64,2521,High,Normal
2022-12-22,Jyothi,2267,Medium,Deficit
2022-12-22,MTU-1010,2680,Medium,Surplus
2022-12-29,BPT-5204,2857,Medium,Normal
2022-12-29,JGL-1798,2558,Medium,Surplus
2022-12-29,IR-64,2387,Medium,Surplus
2022-12-29,Jyothi,2382,Low,Surplus
2022-12-29,MTU-1010,2580,High,Normal
2023-01-05,BPT-5204,2728,Medium,Normal
2023-01-05,JGL-1798,2738,High,Deficit
2023-01-05,IR-64,2698,Low,Deficit
2023-01-05,Jyothi,2407,High,Deficit
2023-01-05,MTU-1010,2700,Medium,Surplus
2023-01-12,BPT-5204,2696,Medium,Deficit
2023-01-12,JGL-1798,2647,Low,Surplus
2023-01-12,IR-64,2525,High,Surplus
2023-01-12,Jyothi,2388,Low,Normal
2023-01-12,MTU-1010,2802,Medium,Deficit
2023-01-19,BPT-5204,2879,Low,Surplus
2023-01-19,JGL-1798,2810,Low,Surplus
2023-01-19,IR-64,2666,Low,Deficit
2023-01-19,Jyothi,2327,Low,Deficit
2023-01-19,MTU-1010,2904,Low,Normal
2023-01-26,BPT-5204,2738,Medium,Surplus
2023-01-26,JGL-1798,2740,Medium,Deficit
2023-01-26,IR-64,2478,Low,Normal
2023-01-26,Jyothi,2420,High,Normal
2023-01-26,MTU-1010,2921,High,Deficit
2023-02-02,BPT-5204,3003,Medium,Deficit
2023-02-02,JGL-1798,2859,Low,Deficit
2023-02-02,IR-64,2663,High,Normal
2023-02-02,Jyothi,2756,High,Normal
2023-02-02,MTU-1010,3109,Low,Normal
2023-02-09,BPT-5204,3109,Low,Surplus
2023-02-09,JGL-1798,2815,Medium,Surplus
2023-02-09,IR-64,2799,Medium,Normal
2023-02-09,Jyothi,2791,High,Surplus
2023-02-09,MTU-1010,2958,Low,Surplus
2023-02-16,BPT-5204,3067,Low,Normal
2023-02-16,JGL-1798,2868,Medium,Normal
2023-02-16,IR-64,2927,High,Normal
2023-02-16,Jyothi,2746,High,Normal
2023-02-16,MTU-1010,3163,Low,Surplus
2023-02-23,BPT-5204,3211,High,Deficit
2023-02-23,JGL-1798,2905,High,Surplus
2023-02-23,IR-64,2782,High,Surplus
2023-02-23,Jyothi,2744,High,Deficit
2023-02-23,MTU-1010,2939,Medium,Deficit
2023-03-02,BPT-5204,3143,Low,Normal
2023-03-02,JGL-1798,2968,Low,Surplus
2023-03-02,IR-64,2670,Low,Normal
2023-03-02,Jyothi,2532,Low,Deficit
2023-03-02,MTU-1010,3024,High,Surplus
2023-03-09,BPT-5204,3092,Low,Normal
2023-03-09,JGL-1798,3046,Medium,Surplus
2023-03-09,IR-64,2668,Medium,Normal
2023-03-09,Jyothi,2710,Low,Surplus
2023-03-09,MTU-1010,3092,High,Normal
2023-03-16,BPT-5204,2952,Medium,Deficit
2023-03-16,JGL-1798,3028,Low,Deficit
2023-03-16,IR-64,2928,High,Normal
2023-03-16,Jyothi,2643,High,Surplus
2023-03-16,MTU-1010,2919,Medium,Surplus
2023-03-23,BPT-5204,3104,High,Normal
2023-03-23,JGL-1798,3032,Low,Surplus
2023-03-23,IR-64,2866,Medium,Normal
2023-03-23,Jyothi,2591,Medium,Surplus
2023-03-23,MTU-1010,3051,Medium,Deficit
2023-03-30,BPT-5204,3131,Low,Deficit
2023-03-30,JGL-1798,2814,Medium,Deficit
2023-03-30,IR-64,2719,Medium,Surplus
2023-03-30,Jyothi,2762,Low,Normal
2023-03-30,MTU-1010,2909,High,Normal
2023-04-06,BPT-5204,3064,Medium,Deficit
2023-04-06,JGL-1798,2857,Low,Surplus
2023-04-06,IR-64,2889,Low,Surplus
2023-04-06,Jyothi,2689,Low,Normal
2023-04-06,MTU-1010,3137,High,Surplus
2023-04-13,BPT-5204,3069,High,Deficit
2023-04-13,JGL-1798,2858,Medium,Normal
2023-04-13,IR-64,2811,High,Surplus
2023-04-13,Jyothi,2700,Medium,Deficit
2023-04-13,MTU-1010,3117,Low,Surplus
2023-04-20,BPT-5204,3168,Low,Deficit
2023-04-20,JGL-1798,2981,Medium,Surplus
2023-04-20,IR-64,2667,High,Surplus
2023-04-20,Jyothi,2700,Low,Surplus
2023-04-20,MTU-1010,2930,High,Surplus
2023-04-27,BPT-5204,3064,Medium,Deficit
2023-04-27,JGL-1798,2869,Medium,Deficit
2023-04-27,IR-64,2823,Medium,Deficit
2023-04-27,Jyothi,2535,Medium,Deficit
2023-04-27,MTU-1010,3161,High,Surplus
2023-05-04,BPT-5204,3041,Medium,Normal
2023-05-04,JGL-1798,2838,Medium,Normal
2023-05-04,IR-64,2918,Medium,Deficit
2023-05-04,Jyothi,2757,Medium,Surplus
2023-05-04,MTU-1010,2897,Medium,Normal
2023-05-11,BPT-5204,3106,High,Normal
2023-05-11,JGL-1798,2948,Medium,Surplus
2023-05-11,IR-64,2893,Medium,Surplus
2023-05-11,Jyothi,2675,Medium,Deficit
2023-05-11,MTU-1010,3120,Low,Deficit
2023-05-18,BPT-5204,3043,High,Deficit
2023-05-18,JGL-1798,2986,High,Normal
2023-05-18,IR-64,2758,Low,Surplus
2023-05-18,Jyothi,2536,High,Surplus
2023-05-18,MTU-1010,2881,Medium,Surplus
2023-05-25,BPT-5204,3063,Low,Normal
2023-05-25,JGL-1798,2924,Medium,Normal
2023-05-25,IR-64,2762,Medium,Surplus
2023-05-25,Jyothi,2650,Low,Normal
2023-05-25,MTU-1010,3016,Medium,Deficit
2023-06-01,BPT-5204,3411,Medium,Surplus
2023-06-01,JGL-1798,3154,Low,Normal
2023-06-01,IR-64,2951,Medium,Normal
2023-06-01,Jyothi,2874,Medium,Deficit
2023-06-01,MTU-1010,3184,Medium,Surplus
2023-06-08,BPT-5204,3229,Low,Surplus
2023-06-08,JGL-1798,3214,High,Deficit
2023-06-08,IR-64,2901,High,Deficit
2023-06-08,Jyothi,2994,Medium,Deficit
2023-06-08,MTU-1010,3243,High,Normal
2023-06-15,BPT-5204,3375,Medium,Normal
2023-06-15,JGL-1798,3313,High,Normal
2023-06-15,IR-64,3124,Medium,Deficit
2023-06-15,Jyothi,2759,High,Deficit
2023-06-15,MTU-1010,3222,Low,Normal
2023-06-22,BPT-5204,3228,Low,Surplus
2023-06-22,JGL-1798,3078,Medium,Surplus
2023-06-22,IR-64,3072,High,Normal
2023-06-22,Jyothi,2995,Medium,Deficit
2023-06-22,MTU-1010,3372,High,Surplus
2023-06-29,BPT-5204,3205,High,Normal
2023-06-29,JGL-1798,3241,Medium,Normal
2023-06-29,IR-64,2997,Low,Deficit
2023-06-29,Jyothi,2852,Medium,Deficit
2023-06-29,MTU-1010,3161,Low,Deficit
2023-07-06,BPT-5204,3238,Medium,Surplus
2023-07-06,JGL-1798,3049,High,Deficit
2023-07-06,IR-64,3137,High,Normal
2023-07-06,Jyothi,2883,Medium,Normal
2023-07-06,MTU-1010,3368,Low,Normal
2023-07-13,BPT-5204,3477,Medium,Deficit
2023-07-13,JGL-1798,3063,Low,Normal
2023-07-13,IR-64,3013,High,Normal
2023-07-13,Jyothi,2933,High,Deficit
2023-07-13,MTU-1010,3141,High,Deficit
2023-07-20,BPT-5204,3224,High,Normal
2023-07-20,JGL-1798,3148,High,Surplus
2023-07-20,IR-64,3131,High,Normal
2023-07-20,Jyothi,2786,Medium,Normal
2023-07-20,MTU-1010,3161,Medium,Deficit
2023-07-27,BPT-5204,3412,Medium,Normal
2023-07-27,JGL-1798,3237,Low,Surplus
2023-07-27,IR-64,3038,Low,Normal
2023-07-27,Jyothi,2927,Low,Normal
2023-07-27,MTU-1010,3154,High,Normal
2023-08-03,BPT-5204,3393,Medium,Deficit
2023-08-03,JGL-1798,3254,Medium,Deficit
2023-08-03,IR-64,3014,High,Deficit
2023-08-03,Jyothi,2959,High,Surplus
2023-08-03,MTU-1010,3342,High,Normal
2023-08-10,BPT-5204,3384,Low,Surplus
2023-08-10,JGL-1798,3229,Medium,Surplus
2023-08-10,IR-64,2927,Medium,Deficit
2023-08-10,Jyothi,2921,High,Normal
2023-08-10,MTU-1010,3340,High,Normal
2023-08-17,BPT-5204,3474,Medium,Normal
2023-08-17,JGL-1798,3231,Low,Surplus
2023-08-17,IR-64,2883,High,Deficit
2023-08-17,Jyothi,2932,Low,Surplus
2023-08-17,MTU-1010,3328,High,Surplus
2023-08-24,BPT-5204,3400,High,Deficit
2023-08-24,JGL-1798,3129,Medium,Deficit
2023-08-24,IR-64,3116,Medium,Surplus
2023-08-24,Jyothi,2874,Low,Surplus
2023-08-24,MTU-1010,3218,Low,Surplus
2023-08-31,BPT-5204,3368,Medium,Surplus
2023-08-31,JGL-1798,3018,Medium,Deficit
2023-08-31,IR-64,2983,High,Deficit
2023-08-31,Jyothi,2891,Low,Normal
2023-08-31,MTU-1010,3142,High,Normal
2023-09-07,BPT-5204,2999,Low,Surplus
2023-09-07,JGL-1798,3033,High,Deficit
2023-09-07,IR-64,2833,High,Surplus
2023-09-07,Jyothi,2728,Low,Deficit
2023-09-07,MTU-1010,3094,Medium,Surplus
2023-09-14,BPT-5204,3057,Medium,Normal
2023-09-14,JGL-1798,2992,Low,Normal
2023-09-14,IR-64,2687,High,Normal
2023-09-14,Jyothi,2675,Low,Deficit
2023-09-14,MTU-1010,3096,Low,Normal
2023-09-21,BPT-5204,3118,Medium,Deficit
2023-09-21,JGL-1798,3057,Low,Surplus
2023-09-21,IR-64,2907,Medium,Deficit
2023-09-21,Jyothi,2766,Medium,Deficit
2023-09-21,MTU-1010,3119,Medium,Normal
2023-09-28,BPT-5204,3157,Low,Surplus
2023-09-28,JGL-1798,3045,High,Surplus
2023-09-28,IR-64,2752,Low,Surplus
2023-09-28,Jyothi,2776,Low,Surplus
2023-09-28,MTU-1010,3102,High,Surplus
2023-10-05,BPT-5204,3191,Medium,Deficit
2023-10-05,JGL-1798,2897,Low,Deficit
2023-10-05,IR-64,2913,Medium,Normal
2023-10-05,Jyothi,2535,Medium,Surplus
2023-10-05,MTU-1010,3057,High,Deficit
2023-10-12,BPT-5204,3085,High,Deficit
2023-10-12,JGL-1798,3050,Low,Normal
2023-10-12,IR-64,2782,Low,Deficit
2023-10-12,Jyothi,2655,High,Surplus
2023-10-12,MTU-1010,2924,Low,Deficit
2023-10-19,BPT-5204,3062,Medium,Deficit
2023-10-19,JGL-1798,3038,Low,Surplus
2023-10-19,IR-64,2829,Low,Deficit
2023-10-19,Jyothi,2777,Medium,Normal
2023-10-19,MTU-1010,3100,Low,Normal
2023-10-26,BPT-5204,3135,Medium,Surplus
2023-10-26,JGL-1798,2997,Medium,Deficit
2023-10-26,IR-64,2700,High,Deficit
2023-10-26,Jyothi,2652,High,Normal
2023-10-26,MTU-1010,3121,Medium,Normal
2023-11-02,BPT-5204,2893,High,Surplus
2023-11-02,JGL-1798,2574,High,Normal
2023-11-02,IR-64,2645,Low,Normal
2023-11-02,Jyothi,2529,Low,Normal
2023-11-02,MTU-1010,2893,Medium,Deficit
2023-11-09,BPT-5204,2951,Medium,Surplus
2023-11-09,JGL-1798,2694,High,Normal
2023-11-09,IR-64,2628,Low,Deficit
2023-11-09,Jyothi,2563,Medium,Deficit
2023-11-09,MTU-1010,2898,High,Normal
2023-11-16,BPT-5204,2820,Medium,Surplus
2023-11-16,JGL-1798,2738,Low,Normal
2023-11-16,IR-64,2499,Medium,Normal
2023-11-16,Jyothi,2453,Low,Deficit
2023-11-16,MTU-1010,2899,Medium,Deficit
2023-11-23,BPT-5204,2741,High,Surplus
2023-11-23,JGL-1798,2748,Medium,Normal
2023-11-23,IR-64,2486,Low,Deficit
2023-11-23,Jyothi,2478,High,Surplus
2023-11-23,MTU-1010,2898,Low,Deficit
2023-11-30,BPT-5204,2960,Medium,Deficit
2023-11-30,JGL-1798,2701,Medium,Normal
2023-11-30,IR-64,2686,Medium,Normal
2023-11-30,Jyothi,2403,High,Normal
2023-11-30,MTU-1010,2690,Medium,Normal
2023-12-07,BPT-5204,2704,Medium,Normal
2023-12-07,JGL-1798,2682,Medium,Deficit
2023-12-07,IR-64,2692,Medium,Deficit
2023-12-07,Jyothi,2489,Low,Deficit
2023-12-07,MTU-1010,2746,Low,Deficit
2023-12-14,BPT-5204,2816,High,Deficit
2023-12-14,JGL-1798,2820,Low,Normal
2023-12-14,IR-64,2491,High,Deficit
2023-12-14,Jyothi,2428,High,Normal
2023-12-14,MTU-1010,2696,Low,Deficit
2023-12-21,BPT-5204,2726,High,Deficit
2023-12-21,JGL-1798,2815,High,Surplus
2023-12-21,IR-64,2453,High,Surplus
2023-12-21,Jyothi,2497,Medium,Normal
2023-12-21,MTU-1010,2840,High,Surplus
2023-12-28,BPT-5204,2772,Medium,Surplus
2023-12-28,JGL-1798,2806,Medium,Deficit
2023-12-28,IR-64,2510,High,Normal
2023-12-28,Jyothi,2481,Low,Normal
2023-12-28,MTU-1010,2847,Low,Deficit
2024-01-04,BPT-5204,2803,Medium,Normal
2024-01-04,JGL-1798,2896,Medium,Surplus
2024-01-04,IR-64,2724,Low,Normal
2024-01-04,Jyothi,2413,High,Normal
2024-01-04,MTU-1010,2830,Low,Deficit
2024-01-11,BPT-5204,2968,Low,Surplus
2024-01-11,JGL-1798,2683,Low,Deficit
2024-01-11,IR-64,2599,Low,Normal
2024-01-11,Jyothi,2456,Low,Deficit
2024-01-11,MTU-1010,2872,High,Deficit
2024-01-18,BPT-5204,3018,Medium,Normal
2024-01-18,JGL-1798,2842,Low,Surplus
2024-01-18,IR-64,2655,Low,Deficit
2024-01-18,Jyothi,2458,Low,Normal
2024-01-18,MTU-1010,2899,Medium,Surplus
2024-01-25,BPT-5204,3040,Low,Normal
2024-01-25,JGL-1798,2726,High,Normal
2024-01-25,IR-64,2564,High,Normal
2024-01-25,Jyothi,2497,Medium,Deficit
2024-01-25,MTU-1010,2977,High,Deficit
2024-02-01,BPT-5204,3309,High,Normal
2024-02-01,JGL-1798,3073,Low,Surplus
2024-02-01,IR-64,2771,Low,Normal
2024-02-01,Jyothi,2867,Low,Normal
2024-02-01,MTU-1010,2990,Medium,Deficit
2024-02-08,BPT-5204,3221,Low,Surplus
2024-02-08,JGL-1798,2914,Low,Normal
2024-02-08,IR-64,2788,Low,Surplus
2024-02-08,Jyothi,2655,High,Normal
2024-02-08,MTU-1010,2978,Low,Deficit
2024-02-15,BPT-5204,3325,Medium,Surplus
2024-02-15,JGL-1798,3187,Medium,Deficit
2024-02-15,IR-64,2803,High,Normal
2024-02-15,Jyothi,2726,Medium,Normal
2024-02-15,MTU-1010,3198,Medium,Surplus
2024-02-22,BPT-5204,3109,Low,Deficit
2024-02-22,JGL-1798,3173,Low,Surplus
2024-02-22,IR-64,2885,Medium,Deficit
2024-02-22,Jyothi,2886,Low,Surplus
2024-02-22,MTU-1010,3032,Medium,Deficit
2024-02-29,BPT-5204,3053,Medium,Surplus
2024-02-29,JGL-1798,3024,High,Surplus
2024-02-29,IR-64,2958,High,Normal
2024-02-29,Jyothi,2646,Medium,Normal
2024-02-29,MTU-1010,3251,High,Surplus
2024-03-07,BPT-5204,3177,High,Normal
2024-03-07,JGL-1798,3182,Low,Normal
2024-03-07,IR-64,3040,Low,Surplus
2024-03-07,Jyothi,2645,Medium,Deficit
2024-03-07,MTU-1010,3105,High,Surplus
2024-03-14,BPT-5204,3196,Medium,Deficit
2024-03-14,JGL-1798,3140,Medium,Deficit
2024-03-14,IR-64,2794,High,Normal
2024-03-14,Jyothi,2771,Low,Normal
2024-03-14,MTU-1010,3140,Low,Normal
2024-03-21,BPT-5204,3308,High,Surplus
2024-03-21,JGL-1798,2915,Low,Deficit
2024-03-21,IR-64,2777,Medium,Normal
2024-03-21,Jyothi,2855,High,Normal
2024-03-21,MTU-1010,3260,Low,Normal
2024-03-28,BPT-5204,3231,Medium,Deficit
2024-03-28,JGL-1798,2985,Low,Surplus
2024-03-28,IR-64,2902,High,Surplus
2024-03-28,Jyothi,2730,Low,Surplus
2024-03-28,MTU-1010,2995,Low,Deficit
2024-04-04,BPT-5204,3261,Medium,Deficit
2024-04-04,JGL-1798,2953,Low,Normal
2024-04-04,IR-64,2806,Medium,Surplus
2024-04-04,Jyothi,2637,High,Surplus
2024-04-04,MTU-1010,3196,High,Surplus
2024-04-11,BPT-5204,3053,Low,Surplus
2024-04-11,JGL-1798,2929,High,Normal
2024-04-11,IR-64,2838,High,Deficit
2024-04-11,Jyothi,2754,Medium,Normal
2024-04-11,MTU-1010,3110,Medium,Normal
2024-04-18,BPT-5204,3154,Medium,Deficit
2024-04-18,JGL-1798,2997,High,Deficit
2024-04-18,IR-64,2801,Medium,Surplus
2024-04-18,Jyothi,2687,Medium,Deficit
2024-04-18,MTU-1010,3152,High,Surplus
2024-04-25,BPT-5204,3144,Medium,Surplus
2024-04-25,JGL-1798,3127,High,Deficit
2024-04-25,IR-64,2935,Medium,Deficit
2024-04-25,Jyothi,2837,High,Normal
2024-04-25,MTU-1010,3064,Medium,Normal
2024-05-02,BPT-5204,3324,High,Normal
2024-05-02,JGL-1798,2909,High,Deficit
2024-05-02,IR-64,2766,Low,Normal
2024-05-02,Jyothi,2690,Low,Deficit
2024-05-02,MTU-1010,3104,Low,Deficit
2024-05-09,BPT-5204,3221,High,Surplus
2024-05-09,JGL-1798,2973,Medium,Surplus
2024-05-09,IR-64,2864,Low,Deficit
2024-05-09,Jyothi,2782,Low,Normal
2024-05-09,MTU-1010,3128,High,Surplus
2024-05-16,BPT-5204,3188,Low,Normal
2024-05-16,JGL-1798,2941,High,Normal
2024-05-16,IR-64,2865,Medium,Deficit
2024-05-16,Jyothi,2847,Medium,Deficit
2024-05-16,MTU-1010,3013,Medium,Normal
2024-05-23,BPT-5204,3188,High,Surplus
2024-05-23,JGL-1798,2900,Medium,Deficit
2024-05-23,IR-64,2799,Low,Normal
2024-05-23,Jyothi,2766,Medium,Deficit
2024-05-23,MTU-1010,3022,Medium,Normal
2024-05-30,BPT-5204,3035,High,Normal
2024-05-30,JGL-1798,3119,Medium,Deficit
2024-05-30,IR-64,2757,High,Surplus
2024-05-30,Jyothi,2811,Medium,Surplus
2024-05-30,MTU-1010,3157,Low,Normal
2024-06-06,BPT-5204,3572,High,Surplus
2024-06-06,JGL-1798,3356,Low,Deficit
2024-06-06,IR-64,3244,Medium,Normal
2024-06-06,Jyothi,2850,High,Deficit
2024-06-06,MTU-1010,3307,High,Deficit
2024-06-13,BPT-5204,3354,Medium,Surplus
2024-06-13,JGL-1798,3177,Low,Surplus
2024-06-13,IR-64,3028,Medium,Normal
2024-06-13,Jyothi,3050,Low,Normal
2024-06-13,MTU-1010,3452,High,Deficit
2024-06-20,BPT-5204,3472,Low,Surplus
2024-06-20,JGL-1798,3137,Low,Deficit
2024-06-20,IR-64,2985,High,Normal
2024-06-20,Jyothi,2845,Low,Normal
2024-06-20,MTU-1010,3480,High,Deficit
2024-06-27,BPT-5204,3404,Low,Normal
2024-06-27,JGL-1798,3269,Medium,Deficit
2024-06-27,IR-64,3040,Medium,Surplus
2024-06-27,Jyothi,2896,Medium,Surplus
2024-06-27,MTU-1010,3316,Low,Normal
2024-07-04,BPT-5204,3581,Medium,Surplus
2024-07-04,JGL-1798,3335,Low,Surplus
2024-07-04,IR-64,3026,High,Normal
2024-07-04,Jyothi,2898,High,Normal
2024-07-04,MTU-1010,3500,Low,Surplus
2024-07-11,BPT-5204,3554,High,Deficit
2024-07-11,JGL-1798,3222,High,Normal
2024-07-11,IR-64,2992,Medium,Surplus
2024-07-11,Jyothi,2951,Low,Surplus
2024-07-11,MTU-1010,3453,High,Deficit
2024-07-18,BPT-5204,3391,Low,Surplus
2024-07-18,JGL-1798,3418,High,Deficit
2024-07-18,IR-64,3239,Low,Deficit
2024-07-18,Jyothi,3102,High,Surplus
2024-07-18,MTU-1010,3522,Low,Surplus
2024-07-25,BPT-5204,3484,Low,Normal
2024-07-25,JGL-1798,3333,High,Normal
2024-07-25,IR-64,3144,Medium,Normal
2024-07-25,Jyothi,3103,Medium,Deficit
2024-07-25,MTU-1010,3506,High,Surplus
2024-08-01,BPT-5204,3410,Medium,Normal
2024-08-01,JGL-1798,3295,Medium,Surplus
2024-08-01,IR-64,3067,Medium,Surplus
2024-08-01,Jyothi,2970,Low,Surplus
2024-08-01,MTU-1010,3417,Medium,Normal
2024-08-08,BPT-5204,3416,Medium,Surplus
2024-08-08,JGL-1798,3259,High,Normal
2024-08-08,IR-64,2977,Low,Normal
2024-08-08,Jyothi,3047,High,Deficit
2024-08-08,MTU-1010,3449,Low,Deficit
2024-08-15,BPT-5204,3570,High,Normal
2024-08-15,JGL-1798,3239,Medium,Surplus
2024-08-15,IR-64,3052,Medium,Normal
2024-08-15,Jyothi,3025,Medium,Normal
2024-08-15,MTU-1010,3395,High,Surplus
2024-08-22,BPT-5204,3436,Low,Surplus
2024-08-22,JGL-1798,3165,Medium,Normal
2024-08-22,IR-64,2991,High,Deficit
2024-08-22,Jyothi,2912,Medium,Surplus
2024-08-22,MTU-1010,3459,High,Normal
2024-08-29,BPT-5204,3489,High,Surplus
2024-08-29,JGL-1798,3133,Low,Deficit
2024-08-29,IR-64,3083,Medium,Deficit
2024-08-29,Jyothi,3031,High,Surplus
2024-08-29,MTU-1010,3521,High,Deficit
2024-09-05,BPT-5204,3129,Low,Normal
2024-09-05,JGL-1798,2910,Low,Normal
2024-09-05,IR-64,2777,High,Surplus
2024-09-05,Jyothi,2656,Low,Normal
2024-09-05,MTU-1010,3075,High,Surplus
2024-09-12,BPT-5204,3079,Medium,Normal
2024-09-12,JGL-1798,3001,Low,Surplus
2024-09-12,IR-64,2826,Low,Surplus
2024-09-12,Jyothi,2805,Medium,Normal
2024-09-12,MTU-1010,3181,High,Deficit
2024-09-19,BPT-5204,3324,Medium,Normal
2024-09-19,JGL-1798,3171,Low,Normal
2024-09-19,IR-64,2993,Low,Normal
2024-09-19,Jyothi,2623,Medium,Deficit
2024-09-19,MTU-1010,2993,High,Normal
2024-09-26,BPT-5204,3326,Low,Surplus
2024-09-26,JGL-1798,2970,High,Normal
2024-09-26,IR-64,2969,Low,Surplus
2024-09-26,Jyothi,2714,High,Normal
2024-09-26,MTU-1010,3286,Low,Normal
2024-10-03,BPT-5204,3115,High,Deficit
2024-10-03,JGL-1798,2953,High,Deficit
2024-10-03,IR-64,2991,High,Normal
2024-10-03,Jyothi,2809,Medium,Surplus
2024-10-03,MTU-1010,3004,Medium,Surplus
2024-10-10,BPT-5204,3158,Medium,Normal
2024-10-10,JGL-1798,2919,Low,Surplus
2024-10-10,IR-64,2767,High,Normal
2024-10-10,Jyothi,2659,Low,Normal
2024-10-10,MTU-1010,3007,High,Surplus
2024-10-17,BPT-5204,3196,Medium,Deficit
2024-10-17,JGL-1798,3022,Low,Surplus
2024-10-17,IR-64,2967,Low,Deficit
2024-10-17,Jyothi,2778,Medium,Normal
2024-10-17,MTU-1010,3152,High,Deficit
2024-10-24,BPT-5204,3054,Low,Surplus
2024-10-24,JGL-1798,2971,Medium,Surplus
2024-10-24,IR-64,2777,Medium,Normal
2024-10-24,Jyothi,2746,High,Normal
2024-10-24,MTU-1010,3182,Low,Normal
2024-10-31,BPT-5204,3223,Low,Normal
2024-10-31,JGL-1798,3121,High,Surplus
2024-10-31,IR-64,2808,Low,Deficit
2024-10-31,Jyothi,2662,High,Surplus
2024-10-31,MTU-1010,3256,High,Surplus
2024-11-07,BPT-5204,3051,Medium,Surplus
2024-11-07,JGL-1798,2674,High,Surplus
2024-11-07,IR-64,2657,Low,Deficit
2024-11-07,Jyothi,2549,Medium,Deficit
2024-11-07,MTU-1010,3014,Medium,Surplus
2024-11-14,BPT-5204,2958,Low,Surplus
2024-11-14,JGL-1798,2830,High,Deficit
2024-11-14,IR-64,2573,Medium,Deficit
2024-11-14,Jyothi,2546,Low,Normal
2024-11-14,MTU-1010,2908,High,Deficit
2024-11-21,BPT-5204,3040,Medium,Surplus
2024-11-21,JGL-1798,2835,High,Normal
2024-11-21,IR-64,2603,High,Surplus
2024-11-21,Jyothi,2573,High,Normal
2024-11-21,MTU-1010,2848,High,Surplus
2024-11-28,BPT-5204,2798,Medium,Normal
2024-11-28,JGL-1798,2760,Low,Normal
2024-11-28,IR-64,2692,High,Surplus
2024-11-28,Jyothi,2642,Low,Deficit
2024-11-28,MTU-1010,2895,Low,Normal
2024-12-05,BPT-5204,2845,High,Surplus
2024-12-05,JGL-1798,2670,Low,Surplus
2024-12-05,IR-64,2690,Medium,Surplus
2024-12-05,Jyothi,2505,Low,Normal
2024-12-05,MTU-1010,2997,High,Surplus
2024-12-12,BPT-5204,2888,Medium,Deficit
2024-12-12,JGL-1798,2743,Medium,Normal
2024-12-12,IR-64,2659,Medium,Deficit
2024-12-12,Jyothi,2647,Low,Surplus
2024-12-12,MTU-1010,2981,High,Deficit
2024-12-19,BPT-5204,2953,Low,Surplus
2024-12-19,JGL-1798,2932,Low,Normal
2024-12-19,IR-64,2747,High,Surplus
2024-12-19,Jyothi,2516,High,Surplus
2024-12-19,MTU-1010,2817,Medium,Normal
2024-12-26,BPT-5204,2907,Medium,Surplus
2024-12-26,JGL-1798,2846,Low,Deficit
2024-12-26,IR-64,2683,Low,Normal
2024-12-26,Jyothi,2513,Low,Deficit
2024-12-26,MTU-1010,2893,High,Deficit
